Gen,No.,Pokémon,Drops,Spawn Specific Drops,Future Drops,Future Held Item(s)
1,0001,Bulbasaur,"Melon Seeds 0-1, Miracle Seed 5%",,,
1,0002,Ivysaur,"Melon Seeds 0-2, Miracle Seed 10%",,,
1,0003,Venusaur,"Wheat Seeds 1, Coba Berry 2.5%",,,
1,0004,Charmander,"Blaze Powder 0-1, Charcoal Stick 5%",,,
1,0005,Charmeleon,"Blaze Powder 0-2, Charcoal Stick 10%",,,
1,0006,Charizard,"Blaze Powder 0-3, Charcoal Stick 25%",,,
1,0007,Squirtle,"Scute 0-1, Mystic Water 5%",,,
1,0008,Wartortle,"Scute 0-2, Mystic Water 10%",,,
1,0009,Blastoise,"Scute 0-3, Mystic Water 25%",,,
1,0010,Caterpie,"String 0-1, Wepear Berry 2.5%",,,
1,0011,Metapod,"String 0-2, Wepear Berry 2.5%",,,
1,0012,Butterfree,"Silver Powder 5%, Wepear Berry 5%",,Shed Shell 5%,
1,0013,Weedle,"String 0-1, Pinap Berry 2.5%",,,
1,0014,Kakuna,"String 0-2, Pinap Berry 2.5%",,,
1,0015,Beedrill,"Poison Barb 5%, Pinap Berry 5%",,Shed Shell 5%,
1,0016,Pidgey,"Feather 0-1, Raw Chicken 1, Chilan Berry 2.5%",,,
1,0017,Pidgeotto,"Feather 0-2, Raw Chicken 1, Sharp Beak 2.5%, Chilan Berry 5%",,,
1,0018,Pidgeot,"Feather 0-3, Raw Chicken 1, Sharp Beak 5%, Chilan Berry 10%",,,
1,0019,Rattata,"Rotten Flesh 0-1, Chilan Berry 2.5%",,Random Apricorn Sprout 2.5%,
7,0019,Rattata [Alola],"Rotten Flesh 0-1, Pecha Berry 2.5%",,Random Apricorn Sprout 2.5%,
1,0020,Raticate,"Rotten Flesh 0-2, Chilan Berry 5%",,Random Apricorn Sprout 5%,
7,0020,Raticate [Alola],"Rotten Flesh 0-2, Pecha Berry 5%",,Random Apricorn Sprout 5%,
1,0021,Spearow,"Feather 0-1, Raw Chicken 1, Sharp Beak 2.5%, Charti Berry 2.5%",,,
1,0022,Fearow,"Feather 0-2, Raw Chicken 1, Sharp Beak 5%, Charti Berry 5%",,,
1,0023,Ekans,Razor Fang 2.5%,,,
1,0024,Arbok,Razor Fang 5%,,,
1,0025,Pikachu,"Thunder Stone 5%, Oran Berry 5%",,Light Ball 5%,
1,0026,Raichu,"Thunder Stone 10%, Oran Berry 10%",,Light Ball 10%,
7,0026,Raichu [Alola],"Thunder Stone 10%, Oran Berry 10%",,Light Ball 10%,
1,0027,Sandshrew,"Quick Claw 2.5%, Soft Sand 2.5%",,Grip Claw 2.5%,
7,0027,Sandshrew [Alola],"Quick Claw 2.5%, Chople Berry 2.5%",,Grip Claw 2.5%,
1,0028,Sandslash,"Quick Claw 5%, Soft Sand 5%",,Grip Claw 5%,
7,0028,Sandslash [Alola],"Quick Claw 5%, Chople Berry 5%",,Grip Claw 5%,
1,0029,Nidoran-F,"Poison Barb 2.5%, Pecha Berry 2.5%",,,
1,0030,Nidorina,"Poison Barb 5%, Pecha Berry 5%",,,
1,0031,Nidoqueen,"Poison Barb 10%, Pecha Berry 10%",,,
1,0032,Nidoran-M,"Poison Barb 2.5%, Pecha Berry 2.5%",,,
1,0033,Nidorino,"Poison Barb 5%, Pecha Berry 5%",,,
1,0034,Nidoking,"Poison Barb 10%, Pecha Berry 10%",,,
1,0035,Clefairy,"Moon Stone 5%, Babiri Berry 5%, Fairy Feather 5%",,,
1,0036,Clefable,"Moon Stone 10%, Babiri Berry 10%, Fairy Feather 10%",,,
1,0037,Vulpix,"Sweet Berries 1-3, Charcoal 2.5%, Rawst Berry 2.5%",,,
7,0037,Vulpix [Alola],"Sweet Berries 1-3, Snowball 0-1, Babiri Berry 2.5%",,,
1,0038,Ninetales,"Sweet Berries 2-4, Charcoal 5%, Rawst Berry 5%",,,
7,0038,Ninetales [Alola],"Sweet Berries 2-4, Snowball 0-2, Babiri Berry 5%",,,
1,0039,Jigglypuff,"Moon Stone 5%, Oran Berry 5%",,Air Balloon 5%,
1,0040,Wigglytuff,"Moon Stone 10%, Oran Berry 10%",,Air Balloon 10%,
1,0041,Zubat,"Razor Fang 2.5%, Persim Berry 2.5%",,,
1,0042,Golbat,"Razor Fang 5%, Persim Berry 5%",,,
1,0043,Oddish,Pecha Berry 2.5%,,Absorb Bulb 2.5%,Absorb Bulb
1,0044,Gloom,Pecha Berry 5%,,Absorb Bulb 5%,Absorb Bulb
1,0045,Vileplume,Pecha Berry 10%,,Absorb Bulb 10%,Absorb Bulb
1,0046,Paras,"Red Mushroom 0-2, Coba Berry 2.5%",,(or) Tiny Mushroom 25%,
1,0047,Parasect,"Red Mushroom 1, Coba Berry 5%",,(or) Big Mushroom 10%,
1,0048,Venonat,"String 0-1, Persim Berry 2.5%",,,
1,0049,Venomoth,"String 0-2, Silver Powder 5%, Persim Berry 5%",,Shed Shell 5%,
1,0050,Diglett,"Potato 2.5%, Big Root 2.5%, Soft Sand 2.5%",,,
7,0050,Diglett [Alola],"Potato 2.5%, Big Root 2.5%, Soft Sand 2.5%",,,
1,0051,Dugtrio,"Potato 5%, Big Root 5%, Soft Sand 5%",,,
7,0051,Dugtrio [Alola],"Potato 5%, Big Root 5%, Soft Sand 5%",,,
1,0052,Meowth,"Gold Nugget 0-1, Quick Claw 2.5%, Pinap Berry 2.5%",,Amulet Coin 2.5%,
7,0052,Meowth [Alola],"Gold Nugget 0-1, Quick Claw 2.5%, Bluk Berry 2.5%",,Amulet Coin 2.5%,
8,0052,Meowth [Galar],"Razor Claw 2.5%, Wepear Berry 2.5%",,,
1,0053,Persian,"Gold Nugget 0-2, Quick Claw 5%, Pinap Berry 5%",,Amulet Coin 5%,
7,0053,Persian [Alola],"Gold Nugget 0-2, Quick Claw 5%, Bluk Berry 5%",,Amulet Coin 5%,
1,0054,Psyduck,"Feather 0-1, Raw Chicken 1, Mystic Water 2.5%",,,
1,0055,Golduck,"Feather 0-2, Raw Chicken 1, Mystic Water 5%",,,
1,0056,Mankey,"Muscle Band 2.5%, Payapa Berry 2.5%",,,
1,0057,Primeape,"Muscle Band 5%, Payapa Berry 5%",,,
1,0058,Growlithe,"Bone 0-1, Rawst Berry 2.5%",,,
8,0058,Growlithe [Hisuian],"Bone 0-1, Rawst Berry 2.5%",,,
1,0059,Arcanine,"Bone 0-2, Rawst Berry 5%",,,
8,0059,Arcanine [Hisuian],"Bone 0-2, Rawst Berry 5%",,,
1,0060,Poliwag,"King's Rock 2.5%, Chesto Berry 2.5%",,,
1,0061,Poliwhirl,"King's Rock 5%, Chesto Berry 5%",,,
1,0062,Poliwrath,"King's Rock 10%, Chesto Berry 10%",,,
1,0063,Abra,"Ender Pearl 0-1, Twisted Spoon 2.5%, Kasib Berry 2.5%",,,
1,0064,Kadabra,"Ender Pearl 0-2, Twisted Spoon 5%, Kasib Berry 5%",,,
1,0065,Alakazam,"Ender Pearl 0-3, Twisted Spoon 10%, Kasib Berry 10%",,,
1,0066,Machop,"Focus Band 2.5%, Muscle Band 2.5%, Wepear Berry 2.5%",,,
1,0067,Machoke,"Focus Band 5%, Muscle Band 5%, Wepear Berry 5%",,,
1,0068,Machamp,"Focus Band 10%, Muscle Band 10%, Wepear Berry 10%",,,
1,0069,Bellsprout,"Big Root 2.5%, Pinap Berry 2.5%",,,
1,0070,Weepinbell,"Big Root 5%, Pinap Berry 5%",,,
1,0071,Victreebel,"Big Root 10%, Pinap Berry 10%",,,
1,0072,Tentacool,"Ink Sac 1-3, Glow Ink Sac 1-3 10%, Poison Barb 2.5%",,Ink Sac 1-3 OR Glow Ink Sac 1-3 10%,
1,0073,Tentacruel,"Ink Sac 2-4, Glow Ink Sac 2-4 10%, Poison Barb 5%",,Ink Sac 2-4 OR Glow Ink Sac 2-4 10%,
1,0074,Geodude,"Flint 0-1, Everstone 2.5%, Black Augurite 2.5%, Rindo Berry 2.5%",,,
7,0074,Geodude [Alola],"Raw Copper 0-1, Cell Battery 2.5%, Magnet 2.5%, Shuca Berry 2.5%",,,
1,0075,Graveler,"Flint 0-2, Everstone 5%, Black Augurite 5%, Rindo Berry 5%",,,
7,0075,Graveler [Alola],"Raw Copper 0-2, Cell Battery 5%, Magnet 5%, Shuca Berry 5%",,,
1,0076,Golem,"Flint 0-3, Everstone 10%, Black Augurite 10%, Rindo Berry 10%",,,
7,0076,Golem [Alola],"Raw Copper 0-3, Cell Battery 10%, Magnet 10%, Shuca Berry 10%",,,
1,0077,Ponyta,"Leather 0-1, Blaze Powder 2.5%, Shuca Berry 2.5%",,,
8,0077,Ponyta [Galar],"Leather 0-1, Razz Berry 2.5%",,,
1,0078,Rapidash,"Leather 0-2, Blaze Powder 5%, Shuca Berry 5%",,,
8,0078,Rapidash [Galar],"Leather 0-2, Razz Berry 5%",,,
1,0079,Slowpoke,"Kings Rock 2.5%, Chesto Berry 2.5%",,Lagging Tail 2.5%,
8,0079,Slowpoke [Galar],Chesto Berry 2.5%,,,
1,0080,Slowbro,"Kings Rock 5%, Chesto Berry 5%",,Lagging Tail 5%,
8,0080,Slowbro [Galar],Chesto Berry 5%,,,
1,0081,Magnemite,"Raw Iron 0-1, Magnet 2.5%, Metal Coat 2.5%, Shuca Berry 2.5%",,,
1,0082,Magneton,"Raw Iron 0-2, Magnet 5%, Metal Coat 5%, Shuca Berry 5%",,,
1,0083,Farfetch'd,"Feather 0-1, Raw Chicken 1, Medicinal Leek 0-1, Chilan Berry 5%",,,
8,0083,Farfetch'd [Galar],"Feather 0-1, Raw Chicken 1, Medicinal Leek 0-1, Coba Berry 2.5%",,,
1,0084,Doduo,"Feather 0-1, Raw Chicken 1, Sharp Beak 2.5%, Wacan Berry 2.5%",,,
1,0085,Dodrio,"Feather 0-2, Raw Chicken 1, Sharp Beak 5%, Wacan Berry 5%",,,
1,0086,Seel,"Raw Cod 0-1, Never-Melt Ice 2.5%, Aspear Berry 2.5%",,,
1,0087,Dewgong,"Raw Cod 0-2, Never-Melt Ice 5%, Aspear Berry 5%",,,
1,0088,Grimer,"Slimeball 0-1, Black Sludge 2.5%",,,
7,0088,Grimer [Alola],"Slimeball 0-1, Black Sludge 2.5%",,,
1,0089,Muk,"Slimeball 0-2, Black Sludge 5%",,,
7,0089,Muk [Alola],"Slimeball 0-2, Black Sludge 5%",,,
1,0090,Shellder,Aspear Berry 2.5%,,Shell Bell 2.5%,
1,0091,Cloyster,Aspear Berry 5%,,Shell Bell 5%,
1,0092,Gastly,"Spell Tag 2.5%, Payapa Berry 2.5%","Nether = Spell Tag 2.5%, Payapa Berry 2.5%, Ghast Tear 2.5%",,
1,0093,Haunter,"Spell Tag 5%, Payapa Berry 5%","Nether = Spell Tag 5%, Payapa Berry 5%, Ghast Tear 5%",,
1,0094,Gengar,"Spell Tag 10%, Payapa Berry 10%","Nether = Spell Tag 10%, Payapa Berry 10%, Ghast Tear 10%",,
1,0095,Onix,"Flint 1-3, Hard Stone 2.5%, Passho Berry 2.5%",,Lagging Tail 2.5%,
1,0096,Drowzee,Chesto Berry 2.5%,,,
1,0097,Hypno,Chesto Berry 5%,,,
1,0098,Krabby,"King's Rock 2.5%, Pinap Berry 2.5%",,Shell Bell 2.5%,
1,0099,Kingler,"King's Rock 5%, Pinap Berry 5%",,Shell Bell 5%,
1,0100,Voltorb,Gunpowder 0-1,,,
8,0100,Voltorb [Hisuian],"Gunpowder 0-1, Red Apricorn 0-1, Cheri Berry 2.5%",,,
1,0101,Electrode,Gunpowder 0-2,,,
8,0101,Electrode [Hisuian],"Gunpowder 0-2, Red Apricorn 0-2, Cheri Berry 5%",,,
1,0102,Exeggcute,"Egg 0-3, Oval Stone 2.5%, Tanga Berry 2.5%",,Psychic Seed 2.5%,
1,0103,Exeggutor,"Egg 0-3, Oval Stone 5%, Tanga Berry 5%",,Psychic Seed 5%,
7,0103,Exeggutor [Alola],"Egg 0-3, Oval Stone 5%, Tanga Berry 5%",,,
1,0104,Cubone,"Bone 0-1, Nanab Berry 2.5%",,,
1,0105,Marowak,"Bone 1, Nanab Berry 5%",,,
7,0105,Marowak [Alola],Bone 1,,,
1,0106,Hitmonlee,"Black Belt 5%, Payapa Berry 5%",,,
1,0107,Hitmonchan,"Black Belt 5%, Payapa Berry 5%",,,
1,0108,Lickitung,"Slimeball 0-1, Oran Berry 2.5%",,Lagging Tail 2.5%,
1,0109,Koffing,Black Sludge 2.5%,,Smoke Ball 2.5%,
1,0110,Weezing,Black Sludge 5%,,Smoke Ball 5%,
8,0110,Weezing [Galar],"Black Sludge 5%, Payapa Berry 5%",,Smoke Ball 5%,
1,0111,Rhyhorn,"Protector 2.5%, Passho Berry 2.5%",,,
1,0112,Rhydon,"Protector 5%, Passho Berry 5%",,,
1,0113,Chansey,Egg 33% OR Oval Stone 10% OR Lucky Egg 10%,,Lucky Punch 5%,
1,0114,Tangela,"Vines 0-1, Big Root 2.5%",,,
1,0115,Kangaskhan,Chilan Berry 5%,,,
1,0116,Horsea,"Prismarine Shard 0-1, Dragon Scale 2.5%",,,
1,0117,Seadra,"Prismarine Shard 0-2, Dragon Scale 5%",,,
1,0118,Goldeen,"Raw Salmon 1, Bone Meal 5%, Mystic Water 2.5%, Wacan Berry 2.5%",,,
1,0119,Seaking,"Raw Salmon 1, Bone Meal 10%, Mystic Water 5%, Wacan Berry 5%",,,
1,0120,Staryu,,,Star Piece 5%,
1,0121,Starmie,,,Star Piece 10%,
1,0122,Mr. Mime,"Light Clay 5%, Babiri Berry 5%",,,
8,0122,Mr. Mime [Galar],Aspear Berry 5%,,,
1,0123,Scyther,Wepear Berry 2.5%,,,
1,0124,Jynx,Aspear Berry 5%,,,
1,0125,Electabuzz,"Redstone 0-2, Electirizer 5%, Cheri Berry 5%",,,
1,0126,Magmar,"Blaze Powder 5%, Magmarizer 5%, Rawst Berry 5%",,,
1,0127,Pinsir,Pinap Berry 5%,,,
1,0128,Tauros,"Leather 0-2, Raw Beef 1-3",,,
9,0128,Tauros [Aqua Breed/Paldean],"Leather 0-2, Raw Beef 1-3",,,
9,0128,Tauros [Blaze Breed/Paldean],"Leather 0-2, Raw Beef 1-3",,,
9,0128,Tauros [Combat Breed/Paldean],"Leather 0-2, Raw Beef 1-3",,,
1,0129,Magikarp,"Raw Salmon 1, Bone Meal 5%, Wacan Berry 2.5%",,,
1,0130,Gyarados,"Raw Salmon 1, Bone Meal 10%, Wacan Berry 5%",,,
1,0131,Lapras,"Mystic Water 5%, Never-Melt Ice 5%, Heart of the Sea 5%, Aspear Berry 5%",,,
1,0132,Ditto,"Quick Powder 0-1, Metal Powder 5%",,,
1,0133,Eevee,Silk Scarf 5%,,Eviolite 5%,
1,0134,Vaporeon,"Water Stone 25%, Mystic Water 10%",,,
1,0135,Jolteon,"Thunder Stone 25%, Magnet 10%",,,
1,0136,Flareon,"Fire Stone 25%, Charcoal Stick 10%",,,
1,0137,Porygon,,,,
1,0138,Omanyte,"Nautilus Shell 1, Bone Meal 5%",,,
1,0139,Omastar,"Nautilus Shell 1, Bone Meal 10%",,,
1,0140,Kabuto,"Scute 0-2, Bone Meal 5%",,,
1,0141,Kabutops,"Scute 0-3, Bone Meal 10%",,,
1,0142,Aerodactyl,"Bone 0-3, Rocky Helmet 10%",,,
1,0143,Snorlax,"Apple 0-3, Apple 0-3, Chesto Berry 5%, Leftovers 5%",,Berry Bomb,Leftovers 100%
1,0144,Articuno,"Feather 2-4, Raw Chicken 1, Never-Melt Ice 1",,,
8,0144,Articuno [Galar],"Feather 2-4, Raw Chicken 1, Twisted Spoon 1",,,
1,0145,Zapdos,"Feather 2-4, Raw Chicken 1, Magnet 1",,,
8,0145,Zapdos [Galar],"Feather 2-4, Raw Chicken 1, Razor Claw 1",,,
1,0146,Moltres,"Feather 2-4, Cooked Chicken 1, Charcoal Stick 1",,,
8,0146,Moltres [Galar],"Feather 2-4, Cooked Chicken 1, Sharp Beak 1",,,
1,0147,Dratini,"Dragon's Breath 0-1, Dragon Fang 2.5%, Dragon Scale 2.5%, Yache Berry 2.5%",,,
1,0148,Dragonair,"Dragon's Breath 0-2, Dragon Fang 5%, Dragon Scale 5%, Yache Berry 5%",,,
1,0149,Dragonite,"Dragon's Breath 0-3, Dragon Fang 10%, Dragon Scale 10%, Yache Berry 10%",,,
1,0150,Mewtwo,Twisted Spoon 1,,,
1,0151,Mew,,,,
2,0152,Chikorita,Miracle Seed 5%,,,
2,0153,Bayleef,Miracle Seed 10%,,,
2,0154,Meganium,Miracle Seed 25%,,,
2,0155,Cyndaquil,Charcoal Stick 5%,,,
2,0156,Quilava,Charcoal Stick 10%,,,
2,0157,Typhlosion,Charcoal Stick 25%,,,
8,0157,Typhlosion [Hisuian],Charcoal Stick 25%,,,
2,0158,Totodile,Mystic Water 5%,,,
2,0159,Croconaw,Mystic Water 10%,,,
2,0160,Feraligatr,Mystic Water 25%,,,
2,0161,Sentret,"Silk Scarf 2.5%, Oran Berry 2.5%",,,
2,0162,Furret,"Silk Scarf 5%, Oran Berry 5%",,,
2,0163,Hoothoot,"Feather 0-1, Raw Chicken 1, Wise Glasses 2.5%, Chilan Berry 2.5%",,,
2,0164,Noctowl,"Feather 0-2, Raw Chicken 1, Wise Glasses 5%, Chilan Berry 5%",,,
2,0165,Ledyba,Charti Berry 2.5%,,,
2,0166,Ledian,Charti Berry 5%,,,
2,0167,Spinarak,"String 0-1, Spider Eye 0-1, Rotten Flesh 0-1, Poison Barb 2.5%",,,
2,0168,Ariados,"String 0-2, Spider Eye 0-2, Rotten Flesh 0-2, Poison Barb 5%",,,
1,0169,Crobat,"Razor Fang 10%, Persim Berry 10%",,,
2,0170,Chinchou,"Prismarine Crystal 0-1, Deep Sea Scale 2.5%, Persim Berry 2.5%",,,
2,0171,Lanturn,"Prismarine Crystal 0-2, Deep Sea Scale 5%, Persim Berry 5%",,,
1,0172,Pichu,"Thunder Stone 2.5%, Oran Berry 2.5%",,Light Ball 2.5%,
1,0173,Cleffa,"Moon Stone 2.5%, Babiri Berry 2.5%, Fairy Feather 2.5%",,,
1,0174,Igglybuff,"Moon Stone 2.5%, Oran Berry 2.5%",,Air Balloon 2.5%,
2,0175,Togepi,"Lucky Egg 2.5%, Shiny Stone 2.5%, Fairy Feather 2.5%",,,
2,0176,Togetic,"Lucky Egg 5%, Shiny Stone 5%, Fairy Feather 5%",,,
2,0177,Natu,"Feather 0-1, Raw Chicken 1, Wise Glasses 2.5%, Persim Berry 2.5%",,,
2,0178,Xatu,"Feather 0-2, Raw Chicken 1, Wise Glasses 5%, Persim Berry 5%",,,
2,0179,Mareep,"Raw Mutton 1-2, White Wool 1-2, Cheri Berry 2.5%",,,
2,0180,Flaaffy,"Raw Mutton 1-3, White Wool 1, Cheri Berry 5%",,,
2,0181,Ampharos,"Raw Mutton 2-4, Cheri Berry 10%",,,
1,0182,Bellossom,Pecha Berry 10%,,Absorb Bulb 10%,
2,0183,Marill,Kebia Berry 5%,,,
2,0184,Azumarill,Kebia Berry 10%,,,
2,0185,Sudowoodo,"Hard Stone 5%, Passho Berry 5%",,,
1,0186,Politoed,"Verdant Froglight 1, King's Rock 10%, Chesto Berry 10%",,,
2,0187,Hoppip,Yache Berry 2.5%,,,
2,0188,Skiploom,"Sunflower 1, Yache Berry 5%",,,
2,0189,Jumpluff,"White Wool 1-3, Yache Berry 10%",,,
2,0190,Aipom,Nanab Berry 2.5%,,Random Apricorn Sprout 2.5%,
2,0191,Sunkern,"Seeds 1, Coba Berry 2.5%",,,
2,0192,Sunflora,"Sunflower 1, Coba Berry 5%",,,
2,0193,Yanma,Charti Berry 2.5%,,Wide Lens 2.5%,
2,0194,Wooper,"Clay Ball 0-1, Rindo Berry 2.5%",,,
9,0194,Wooper [Paldean],"Clay Ball 0-1, Pecha Berry 2.5%",,,
2,0195,Quagsire,"Clay Ball 0-2, Rindo Berry 5%",,,
1,0196,Espeon,"Sun Stone 25%, Twisted Spoon 10%",,,
1,0197,Umbreon,"Moon Stone 25%, Black Glasses 10%",,,
2,0198,Murkrow,"Feather 0-1, Raw Chicken 1, Bluk Berry 2.5%",,,
1,0199,Slowking,"King's Rock 10%, Chesto Berry 10%",,Lagging Tail 10%,
8,0199,Slowking [Galar],Chesto Berry 10%,,,
2,0200,Misdreavus,"Spell Tag 2.5%, Kasib Berry 2.5%",,,
2,0201,Unown,Ender Pearl 0-1,,,
2,0202,Wobbuffet,Colbur Berry 5%,,,
2,0203,Girafarig,"Leather 0-1, Razor Fang 2.5%, Persim Berry 2.5%",,,
2,0204,Pineco,"String 0-1, Occa Berry 2.5%",,Iron Ball 2.5%,
2,0205,Forretress,"String 0-2, Occa Berry 5%",,Iron Ball 5%,
2,0206,Dunsparce,"Rocky Helmet 2.5%, Cheri Berry 2.5%",,,
2,0207,Gligar,"Razor Fang 2.5%, Poison Barb 2.5%, Yache Berry 2.5%",,,
1,0208,Steelix,"Raw Iron 2-4, Metal Coat 5%, Passho Berry 5%",,Lagging Tail 5%,
2,0209,Snubbull,"Bone 0-1, Babiri Berry 2.5%",,,
2,0210,Granbull,"Bone 0-2, Babiri Berry 5%",,,
2,0211,Qwilfish,"Pufferfish 1, Prismarine Shard 0-1, Poison Barb 2.5%",,,
8,0211,Qwilfish [Hisuian],"Pufferfish 1, Prismarine Shard 0-1, Poison Barb 2.5%",,,
1,0212,Scizor,Wepear Berry 5%,,,
2,0213,Shuckle,Berry Juice 1,,"Berry Bomb, Luminous Moss 5%",
2,0214,Heracross,Coba Berry 5%,,,
2,0215,Sneasel,"Razor Claw 2.5%, Quick Claw 2.5%, Chople Berry 2.5%",,Grip Claw 2.5%,
8,0215,Sneasel [Hisuian],"Razor Claw 2.5%, Poison Barb 2.5%, Payapa Berry 2.5%",,,
2,0216,Teddiursa,"Sweet Berries 1-3, Honey Bottle 2.5%, Peat Block 2.5%, Oran Berry 2.5%",,,
2,0217,Ursaring,"Sweet Berries 2-4, Honey Bottle 5%, Peat Block 5%, Oran Berry 5%",,,
2,0218,Slugma,"Magma Cream 0-1, Passho Berry 2.5%",,,
2,0219,Magcargo,"Magma Cream 0-2, Basalt 1, Passho Berry 5%",,,
2,0220,Swinub,"Raw Porkchop 1, Brown Wool 1, Never-Melt Ice 2.5%, Aspear Berry 2.5%",,,
2,0221,Piloswine,"Raw Porkchop 1-2, Brown Wool 1-2, Never-Melt Ice 5%, Aspear Berry 5%",,,
2,0222,Corsola,Rindo Berry 5%,,"Any Coral 1, Luminous Moss 5%",
8,0222,Corsola [Galar],Kasib Berry 2.5%,,Any Dead Coral 1,
2,0223,Remoraid,"Raw Cod 1, Bone Meal 5%, Aspear Berry 2.5%",,,
2,0224,Octillery,"Ink Sac 1-3, Aspear Berry 5%",,,
2,0225,Delibird,"Feather 0-2, Raw Chicken 1, Charti Berry 5%",,,
2,0226,Mantine,"Raw Cod 0-2, Wacan Berry 5%",,,
2,0227,Skarmory,"Sharp Beak 5%, Metal Coat 5%, Pinap Berry 5%",,,
2,0228,Houndour,"Bone 0-1, Rotten Flesh 0-1, Blaze Powder 2.5%, Rawst Berry 2.5%",,,
2,0229,Houndoom,"Bone 0-2, Rotten Flesh 0-2, Blaze Powder 5%, Rawst Berry 5%",,,
1,0230,Kingdra,"Prismarine Shard 0-3, Dragon Scale 10%",,,
2,0231,Phanpy,"Clay Ball 0-1, Passho Berry 2.5%",,,
2,0232,Donphan,"Clay Ball 0-2, Protector 5%, Passho Berry 5%",,,
1,0233,Porygon2,Up-Grade 25%,,,
2,0234,Stantler,"Leather 0-1, Persim Berry 2.5%",,,
2,0235,Smeargle,,,Random Dye 1,
1,0236,Tyrogue,"Black Belt 2.5%, Payapa Berry 2.5%",,,
1,0237,Hitmontop,"Black Belt 5%, Payapa Berry 5%",,,
1,0238,Smoochum,Aspear Berry 2.5%,,,
1,0239,Elekid,"Redstone 0-1, Electirizer 2.5%, Cheri Berry 2.5%",,,
1,0240,Magby,"Blaze Powder 2.5%, Magmarizer 2.5%, Rawst Berry 2.5%",,,
2,0241,Miltank,"Leather 0-2, Raw Beef 1-3, Oran Berry 5%",,Moomoo Milk 2.5%,
1,0242,Blissey,Egg 33% OR Oval Stone 25% OR Lucky Egg 25%,,Lucky Punch 10%,
2,0243,Raikou,Magnet 1,,,
2,0244,Entei,"Charcoal Stick 1, Sacred Ash 1",,,
2,0245,Suicune,Mystic Water 1,,,
2,0246,Larvitar,"Hard Stone 2.5%, Chople Berry 2.5%",,,
2,0247,Pupitar,"Hard Stone 5%, Chople Berry 5%",,,
2,0248,Tyranitar,"Hard Stone 10%, Chople Berry 10%",,,
2,0249,Lugia,Feather 2-4,,,
2,0250,Ho-Oh,"Feather 2-4, Sacred Ash 1",,,
2,0251,Celebi,Miracle Seed 1,,,
3,0252,Treecko,"Stick 0-1, Miracle Seed 5%",,,
3,0253,Grovyle,"Stick 0-2, Miracle Seed 10%",,,
3,0254,Sceptile,"Stick 0-3, Miracle Seed 25%",,,
3,0255,Torchic,"Feather 0-1, Raw Chicken 1, Charcoal Stick 5%",,,
3,0256,Combusken,"Feather 0-2, Raw Chicken 1, Charcoal Stick 10%",,,
3,0257,Blaziken,"Feather 0-3, Raw Chicken 1, Charcoal Stick 25%",,,
3,0258,Mudkip,"Clay Ball 0-1, Mystic Water 5%",,,
3,0259,Marshtomp,"Clay Ball 0-2, Mystic Water 10%",,,
3,0260,Swampert,"Clay Ball 0-3, Mystic Water 25%",,,
3,0261,Poochyena,"Bone 0-1, Rotten Flesh 0-1, Pecha Berry 2.5%",,,
3,0262,Mightyena,"Bone 0-2, Rotten Flesh 0-2, Pecha Berry 5%",,,
3,0263,Zigzagoon,Oran Berry 2.5%,,Random Apricorn Sprout 2.5%,
8,0263,Zigzagoon [Galar],Chople Berry 2.5%,,,
3,0264,Linoone,Oran Berry 5%,,Random Apricorn Sprout 5%,
8,0264,Linoone [Galar],Chople Berry 5%,,,
3,0265,Wurmple,"String 0-1, Pecha Berry 2.5%",,,
3,0266,Silcoon,"String 0-2, Pecha Berry 2.5%",,,
3,0267,Beautifly,"Bright Powder 5%, Pecha Berry 5%",,Shed Shell 5%,
3,0268,Cascoon,"String 0-2, Pecha Berry 2.5%",,,
3,0269,Dustox,"Silver Powder 5%, Pecha Berry 5%",,Shed Shell 5%,
3,0270,Lotad,"Lily Pad 0-1, Mental Herb 2.5%, Kebia Berry 2.5%",,,
3,0271,Lombre,"Lily Pad 0-2, Mental Herb 5%, Kebia Berry 5%",,,
3,0272,Ludicolo,"Lily Pad 0-3, Mental Herb 10%, Kebia Berry 10%",,,
3,0273,Seedot,"Dark Oak Sapling 0-1, Tanga Berry 2.5%",,Random Apricorn Sprout 2.5%,
3,0274,Nuzleaf,"Dark Oak Sapling 0-2, Tanga Berry 5%",,Random Apricorn Sprout 5%,
3,0275,Shiftry,"Dark Oak Sapling 0-3, Tanga Berry 10%",,Random Apricorn Sprout 10%,
3,0276,Taillow,"Feather 0-1, Raw Chicken 1, Charti Berry 2.5%",,,
3,0277,Swellow,"Feather 0-2, Raw Chicken 1, Sharp Beak 2.5%, Charti Berry 5%",,,
3,0278,Wingull,"Feather 0-1, Raw Chicken 1, Wacan Berry 2.5%",,,
3,0279,Pelipper,"Feather 0-2, Raw Chicken 1, Wacan Berry 5%",,,
3,0280,Ralts,"Ender Pearl 0-1, Dawn Stone 2.5%, Twisted Spoon 2.5%, Kasib Berry 2.5%",,,
3,0281,Kirlia,"Ender Pearl 0-2, Dawn Stone 5%, Twisted Spoon 5%, Kasib Berry 5%",,,
3,0282,Gardevoir,"Ender Pearl 0-3, Dawn Stone 10%, Twisted Spoon 10%, Kasib Berry 10%",,,
3,0283,Surskit,"Honey Bottle 2.5%, Wacan Berry 2.5%",,,
3,0284,Masquerain,"Honey Bottle 2.5%, Silver Powder 5%, Wacan Berry 5%",,,
3,0285,Shroomish,"Brown Mushroom 0-1, Kebia Berry 2.5%",,Tiny Mushroom,
3,0286,Breloom,"Brown Mushroom 0-2, Kebia Berry 5%",,Big Mushroom,
3,0287,Slakoth,Chesto Berry 2.5%,,,
3,0288,Vigoroth,Chesto Berry 5%,,,
3,0289,Slaking,Chesto Berry 10%,,,
3,0290,Nincada,Soft Sand 2.5%,,,
3,0291,Ninjask,,,Shed Shell 5%,
3,0292,Shedinja,,,Shed Shell 5%,
3,0293,Whismur,Chesto Berry 2.5%,,Throat Spray 2.5%,
3,0294,Loudred,Chesto Berry 5%,,Throat Spray 5%,
3,0295,Exploud,Chesto Berry 10%,,Throat Spray 10%,
3,0296,Makuhita,"Black Belt 2.5%, King's Rock 2.5%, Payapa Berry 2.5%",,,
3,0297,Hariyama,"Black Belt 5%, King's Rock 5%, Payapa Berry 5%",,,
2,0298,Azurill,Kebia Berry 2.5%,,,
3,0299,Nosepass,"Flint 0-1, Hard Stone 2.5%, Magnet 2.5%, Chople Berry 2.5%",,,
3,0300,Skitty,"Silk Scarf 2.5%, Pecha Berry 2.5%",,Fluffy Tail 5%,
3,0301,Delcatty,"Silk Scarf 5%, Pecha Berry 5%",,Fluffy Tail 10%,
3,0302,Sableye,"Amethyst Shard 0-2, Diamond 5%, Emerald 5%, Roseli Berry 5%",,Wide Lens 5%,
3,0303,Mawile,"Razor Fang 5%, Occa Berry 5%",,Iron Ball 5%,
3,0304,Aron,"Raw Iron 0-1, Hard Stone 2.5%, Chople Berry 2.5%",,,
3,0305,Lairon,"Raw Iron 0-2, Hard Stone 5%, Chople Berry 5%",,,
3,0306,Aggron,"Raw Iron 0-3, Hard Stone 10%, Chople Berry 10%",,,
3,0307,Meditite,"Wise Glasses 2.5%, Black Belt 2.5%, Nanab Berry 2.5%",,,
3,0308,Medicham,"Wise Glasses 5%, Black Belt 5%, Nanab Berry 5%",,,
3,0309,Electrike,"Bone 0-1, Rotten Flesh 0-1, Cheri Berry 2.5%",,,
3,0310,Manectric,"Bone 0-2, Rotten Flesh 0-2, Cheri Berry 5%",,,
3,0311,Plusle,"Magnet 5%, Cheri Berry 5%",,Cell Battery 5%,
3,0312,Minun,"Magnet 5%, Cheri Berry 5%",,Cell Battery 5%,
3,0313,Volbeat,"Bright Powder 5%, Razz Berry 5%",,,
3,0314,Illumise,"Bright Powder 5%, Bluk Berry 5%",,,
3,0315,Roselia,"Rose 0-1, Poison Barb 5%, Pecha Berry 5%",,Absorb Bulb 5%,
3,0316,Gulpin,"Black Sludge 2.5%, Oran Berry 2.5%",,Berry Bomb,
3,0317,Swalot,"Black Sludge 5%, Oran Berry 5%",,Berry Bomb,
3,0318,Carvanha,"Deep Sea Tooth 2.5%, Aspear Berry 2.5%",,,
3,0319,Sharpedo,"Deep Sea Tooth 5%, Aspear Berry 5%",,,
3,0320,Wailmer,"Bone Block 0-1, Chesto Berry 2.5%",,,
3,0321,Wailord,"Bone Block 0-2, Chesto Berry 5%",,,
3,0322,Numel,"Magma Cream 2.5%, Rawst Berry 2.5%",,,
3,0323,Camerupt,"Magma Cream 5%, Rawst Berry 5%",,,
3,0324,Torkoal,"Coal 0-2, Charcoal Stick 5%, Charti Berry 5%",,,
3,0325,Spoink,"Raw Porkchop 1-2, Tanga Berry 2.5%",,Big Pearl,
3,0326,Grumpig,"Raw Porkchop 1-3, Tanga Berry 5%",,Pearl String,
3,0327,Spinda,"Bamboo 0-2, Chesto Berry 5%",,,
3,0328,Trapinch,"Soft Sand 2.5%, Yache Berry 2.5%",,,
3,0329,Vibrava,"Soft Sand 5%, Yache Berry 5%",,,
3,0330,Flygon,"Soft Sand 10%, Yache Berry 10%",,,
3,0331,Cacnea,"Cactus 0-1, Poison Barb 2.5%, Tanga Berry 2.5%",,Sticky Barb 2.5%,
3,0332,Cacturne,"Cactus 0-2, Poison Barb 5%, Tanga Berry 5%",,Sticky Barb 5%,
3,0333,Swablu,"White Wool 1, Raw Chicken 1, Yache Berry 2.5%",,,
3,0334,Altaria,"White Wool 1-2, Raw Chicken 1, Yache Berry 5%",,,
3,0335,Zangoose,"Razor Claw 5%, Quick Claw 5%, Pecha Berry 5%",,,
3,0336,Seviper,"Razor Fang 5%, Poison Barb 5%, Persim Berry 5%",,Shed Shell 5%,
3,0337,Lunatone,"Moon Stone 5%, Colbur Berry 5%",,Star Piece 5%,
3,0338,Solrock,"Sun Stone 5%, Colbur Berry 5%",,Star Piece 5%,
3,0339,Barboach,"Clay Ball 0-1, Rindo Berry 2.5%",,,
3,0340,Whiscash,"Clay Ball 0-2, Rindo Berry 5%",,,
3,0341,Corphish,,,,
3,0342,Crawdaunt,,,,
3,0343,Baltoy,"Clay Ball 0-1, Light Clay 2.5%, Colbur Berry 2.5%",,,
3,0344,Claydol,"Clay Ball 0-2, Light Clay 5%, Colbur Berry 5%",,Any Pottery Sherd 5%,
3,0345,Lileep,Big Root 5%,,,
3,0346,Cradily,Big Root 10%,,,
3,0347,Anorith,Scute 0-2,,,
3,0348,Armaldo,Scute 0-3,,,
3,0349,Feebas,"Raw Salmon 1, Bone Meal 5%, Prism Scale 2.5%",,,
3,0350,Milotic,"Bone Meal 10%, Prism Scale 5%",,,
3,0351,Castform,Mystic Water 5%,,,
3,0351,Castform [Rainy],,,Damp Rock 5%,
3,0351,Castform [Snowy],,,Icy Rock 5%,
3,0351,Castform [Sunny],,,Heat Rock 5%,
3,0352,Kecleon,Persim Berry 5%,,,
3,0353,Shuppet,Spell Tag 2.5%,,,
3,0354,Banette,Spell Tag 5%,,,
3,0355,Duskull,"Reaper Cloth 2.5%, Kasib Berry 2.5%",,,
3,0356,Dusclops,"Reaper Cloth 5%, Kasib Berry 5%",,,
3,0357,Tropius,Nanab Berry 0-2,,,
3,0358,Chimecho,Colbur Berry 5%,,"Cleanse Tag 2.5%, Soothe Bell 5%",
3,0359,Absol,"Razor Claw 5%, Roseli Berry 5%",,,
2,0360,Wynaut,Colbur Berry 2.5%,,,
3,0361,Snorunt,"Snowball 0-1, Dawn Stone 2.5%, Never-Melt Ice 2.5%, Babiri Berry 2.5%",,,
3,0362,Glalie,"Snowball 0-2, Dawn Stone 5%, Never-Melt Ice 5%, Babiri Berry 5%",,,
3,0363,Spheal,"Raw Cod 0-1, Chesto Berry 2.5%",,,
3,0364,Sealeo,"Raw Cod 0-2, Chesto Berry 5%",,,
3,0365,Walrein,"Raw Cod 0-3, Chesto Berry 10%",,,
3,0366,Clamperl,Prismarine Shard 0-2,,Pearl,
3,0367,Huntail,Deep Sea Tooth 5%,,,
3,0368,Gorebyss,Deep Sea Scale 5%,,,
3,0369,Relicanth,"Deep Sea Scale 5%, Rindo Berry 5%",,,
3,0370,Luvdisc,Deep Sea Scale 2.5%,,Heart Scale 0-1,
3,0371,Bagon,"Dragon Fang 2.5%, Dragon Scale 2.5%, Yache Berry 2.5%",,,
3,0372,Shelgon,"Dragon Fang 5%, Dragon Scale 5%, Yache Berry 5%",,,
3,0373,Salamence,"Dragon Fang 10%, Dragon Scale 10%, Yache Berry 10%",,,
3,0374,Beldum,Metal Coat 2.5%,,,
3,0375,Metang,Metal Coat 5%,,,
3,0376,Metagross,Metal Coat 10%,,,
3,0377,Regirock,Hard Stone 1,,,
3,0378,Regice,Never-Melt Ice 1,,,
3,0379,Registeel,Metal Coat 1,,,
3,0380,Latias,Feather 2-4,,Soul Dew 1,
3,0381,Latios,Feather 2-4,,Soul Dew 1,
3,0382,Kyogre,Heart of The Sea 1,,,
3,0382,Kyogre [Primal],Heart of The Sea 1,,,
3,0383,Groudon,Nether Star 1,,,
3,0383,Groudon [Primal],Nether Star 1,,,
3,0384,Rayquaza,Dragon's Breath 3-5,,,
3,0385,Jirachi,,,"Comet Shard 1, Bottle o' Enchanting 1-5",
3,0386,Deoxys,Eye of Ender 1,,,
3,0386,Deoxys [Attack],Eye of Ender 1,,,
3,0386,Deoxys [Defense],Eye of Ender 1,,,
3,0386,Deoxys [Speed],Eye of Ender 1,,,
4,0387,Turtwig,Miracle Seed 5%,,Random Apricorn Sprout 5%,
4,0388,Grotle,Miracle Seed 10%,,Random Apricorn Sprout 10%,
4,0389,Torterra,Miracle Seed 25%,,Random Apricorn Sprout 25%,
4,0390,Chimchar,Charcoal Stick 5%,,,
4,0391,Monferno,Charcoal Stick 10%,,,
4,0392,Infernape,Charcoal Stick 25%,,,
4,0393,Piplup,"Feather 0-1, Raw Chicken 1, Mystic Water 5%",,,
4,0394,Prinplup,"Feather 0-2, Raw Chicken 1, Mystic Water 10%",,,
4,0395,Empoleon,"Feather 0-3, Raw Chicken 1, Mystic Water 25%",,,
4,0396,Starly,"Feather 0-1, Raw Chicken 1, Yache Berry 2.5%",,,
4,0397,Staravia,"Feather 0-2, Raw Chicken 1, Sharp Beak 2.5%, Yache Berry 5%",,,
4,0398,Staraptor,"Feather 0-3, Raw Chicken 1, Sharp Beak 5%, Yache Berry 10%",,,
4,0399,Bidoof,"Stick 0-1, Oran Berry 2.5%",,,
4,0400,Bibarel,"Stick 0-2, Oran Berry 5%",,,
4,0401,Kricketot,Coba Berry 2.5%,,Metronome 2.5%,
4,0402,Kricketune,Coba Berry 5%,,Metronome 5%,
4,0403,Shinx,"Quick Claw 2.5%, Shuca Berry 2.5%",,,
4,0404,Luxio,"Quick Claw 5%, Shuca Berry 5%",,,
4,0405,Luxray,"Quick Claw 10%, Shuca Berry 10%",,,
3,0406,Budew,"Poison Barb 2.5%, Pecha Berry 2.5%",,Absorb Bulb 2.5%,
3,0407,Roserade,"Rose 1-2, Poison Barb 10%, Pecha Berry 10%",,Absorb Bulb 10%,
4,0408,Cranidos,Bones 0-1,,,
4,0409,Rampardos,Bones 0-2,,,
4,0410,Shieldon,Bones 0-1,,,
4,0411,Bastiodon,Bones 0-2,,,
4,0412,Burmy,"String 0-1, Occa Berry 2.5%",,,
4,0412,Burmy [Sandy],"String 0-1, Occa Berry 2.5%",,,
4,0412,Burmy [Trash],"String 0-1, Occa Berry 2.5%",,,
4,0413,Wormadam,"String 0-2, Occa Berry 5%",,,
4,0413,Wormadam [Sandy],"String 0-2, Occa Berry 5%",,,
4,0413,Wormadam [Trash],"String 0-2, Occa Berry 5%",,,
4,0414,Mothim,"Silver Powder 5%, Occa Berry 5%",,,
4,0415,Combee,"Honey Bottle 0-1, Honey Comb 2.5%, Poison Barb 2.5%, Charti Berry 2.5%",,,
4,0416,Vespiquen,"Honey Bottle 0-3, Honey Comb 10%, Poison Barb 10%, Charti Berry 10%",,,
4,0417,Pachirisu,Cheri Berry 5%,,"Random Apricorn Seed 5%, Light Ball",
4,0418,Buizel,"Raw Salmon 0-1, Wacan Berry 2.5%",,,
4,0419,Floatzel,"Raw Salmon 0-2, Wacan Berry 5%",,,
4,0420,Cherubi,"Miracle Seed 2.5%, Cheri Berry 2.5%",,Random Apricorn Sprout 2.5%,
4,0421,Cherrim,"Miracle Seed 5%, Cheri Berry 5%",,Random Apricorn Sprout 5%,
4,0422,Shellos,"Clay Ball 0-1, Rindo Berry 2.5%",,,
4,0422,Shellos [West Sea],"Clay Ball 0-1, Rindo Berry 2.5%",,,
4,0423,Gastrodon,"Clay Ball 0-2, Rindo Berry 5%",,,
4,0423,Gastrodon [West Sea],"Clay Ball 0-2, Rindo Berry 5%",,,
2,0424,Ambipom,Nanab Berry 5%,,Random Apricorn Sprout 5%,
4,0425,Drifloon,Kasib Berry 2.5%,,Air Balloon 2.5%,
4,0426,Drifblim,Kasib Berry 5%,,Air Balloon 5%,
4,0427,Buneary,"Raw Rabbit 1, Rabbit Hide 0-1, Rabbit's Foot 2.5%, Carrot 2.5%, Chople Berry 2.5%",,,
4,0428,Lopunny,"Raw Rabbit 1, Rabbit Hide 0-2, Rabbit's Foot 5%, Carrot 5%, Chople Berry 5%",,,
2,0429,Mismagius,"Spell Tag 5%, Kasib Berry 5%",,,
2,0430,Honchkrow,"Feather 0-3, Raw Chicken 1, Bluk Berry 5%",,,
4,0431,Glameow,Cheri Berry 2.5%,,,
4,0432,Purugly,Cheri Berry 5%,,,
3,0433,Chingling,Colbur Berry 2.5%,,"Cleanse Tag 2.5%, Soothe Bell 2.5%",
4,0434,Stunky,Pecha Berry 2.5%,,,
4,0435,Skuntank,Pecha Berry 5%,,,
4,0436,Bronzor,"Raw Iron 0-1, Mental Herb 2.5%, Light Clay 2.5%, Occa Berry 2.5%",,,
4,0437,Bronzong,"Raw Iron 0-2, Mental Herb 5%, Light Clay 5%, Occa Berry 5%",,,
2,0438,Bonsly,"Hard Stone 2.5%, Passho Berry 2.5%",,,
1,0439,Mime Jr.,"Light Clay 2.5%, Babiri Berry 2.5%",,,
1,0440,Happiny,Oval Stone 25%,,Lucky Punch 2.5%,
4,0441,Chatot,"Feather 0-2, Raw Chicken 1, Persim Berry 5%",,Metronome 5%,
4,0442,Spiritomb,Spell Tag 5%,,Smoke Ball 5%,
4,0443,Gible,"Dragon Fang 2.5%, Haban Berry 2.5%",,,
4,0444,Gabite,"Dragon Fang 5%, Haban Berry 5%",,,
4,0445,Garchomp,"Dragon Fang 10%, Haban Berry 10%",,,
1,0446,Munchlax,"Apple 0-3, Leftovers 2.5%, Chesto Berry 2.5%",,Berry Bomb,Leftovers 50%
4,0447,Riolu,Chople Berry 2.5%,,Expert Belt 2.5%,
4,0448,Lucario,Chople Berry 5%,,Expert Belt 5%,
4,0449,Hippopotas,"Soft Sand 2.5%, Chesto Berry 2.5%",,,
4,0450,Hippowdon,"Soft Sand 5%, Chesto Berry 5%",,,
4,0451,Skorupi,"Poison Barb 2.5%, Bluk Berry 2.5%",,,
4,0452,Drapion,"Poison Barb 5%, Bluk Berry 5%",,,
4,0453,Croagunk,"Black Sludge 2.5%, Payapa Berry 2.5%",,,
4,0454,Toxicroak,"Black Sludge 5%, Payapa Berry 5%",,,
4,0455,Carnivine,"Miracle Seed 5%, Big Root 5%, Kebia Berry 5%",,,
4,0456,Finneon,"Raw Cod 1, Bone Meal 5%, Rindo Berry 2.5%",,Prism Scale 2.5%,
4,0457,Lumineon,"Raw Cod 1, Bone Meal 10%, Rindo Berry 5%",,Prism Scale 5%,
2,0458,Mantyke,"Raw Cod 0-1, Wacan Berry 2.5%",,,
4,0459,Snover,"Snowball 0-1, Never-Melt Ice 2.5%, Occa Berry 2.5%",,,
4,0460,Abomasnow,"Snowball 0-2, Never-Melt Ice 5%, Occa Berry 5%",,,
2,0461,Weavile,"Razor Claw 5%, Quick Claw 5%, Chople Berry 5%",,Grip Claw 5%,
1,0462,Magnezone,"Raw Iron 0-3, Magnet 10%, Metal Coat 10%, Shuca Berry 10%",,,
1,0463,Lickilicky,"Slimeball 0-2, Oran Berry 5%",,Lagging Tail 5%,
1,0464,Rhyperior,"Protector 10%, Passho Berry 10%",,,
1,0465,Tangrowth,"Vines 0-2, Big Root 5%",,,
1,0466,Electivire,"Redstone 0-3, Electirizer 10%, Cheri Berry 10%",,,
1,0467,Magmortar,"Blaze Powder 10%, Magmarizer 10%, Rawst Berry 10%",,,
2,0468,Togekiss,"Lucky Egg 10%, Shiny Stone 10%, Fairy Feather 10%",,,
2,0469,Yanmega,Charti Berry 5%,,Wide Lens 5%,
1,0470,Leafeon,"Leaf Stone 25%, Miracle Seed  10%",,,
1,0471,Glaceon,"Ice Stone 25%, Never-Melt Ice 10%",,,
2,0472,Gliscor,"Razor Fang 10%, Poison Barb 10%, Yache Berry 5%",,,
2,0473,Mamoswine,"Raw Porkchop 2-3, Brown Wool 2-3, Never-Melt Ice 10%, Aspear Berry 10%",,,
1,0474,Porygon-Z,Dubious Disc 25%,,,
3,0475,Gallade,"Ender Pearl 0-3, Dawn Stone 10%, Twisted Spoon 10%, Kasib Berry 10%",,,
3,0476,Probopass,"Flint 0-3, Hard Stone 5%, Magnet 5%, Chople Berry 5%",,,
3,0477,Dusknoir,"Reaper Cloth 10%, Kasib Berry 10%",,,
3,0478,Froslass,"Snowball 0-2, Dawn Stone 5%, Never-Melt Ice 5%, Babiri Berry 5%",,,
4,0479,Rotom,,,Ghast Tear 1,
4,0479,Rotom [Fan],,,Ghast Tear 1,
4,0479,Rotom [Frost],,,Ghast Tear 1,
4,0479,Rotom [Heat],,,Ghast Tear 1,
4,0479,Rotom [Mow],,,Ghast Tear 1,
4,0479,Rotom [Wash],,,Ghast Tear 1,
4,0480,Uxie,,,Random Enchanted Book 1. Revisit later.,
4,0481,Mesprit,,,"Eye of Ender 2, Revisit/Replace later.",
4,0482,Azelf,,,"Random Beneficial Potion 3, Revisit later",
4,0483,Dialga,,,"Adamant Orb 1, Steel Plate 1",
4,0484,Palkia,,,"Lustrous Orb 1, Water Plate 1",
4,0485,Heatran,,,"Magma Cream 2-4, Blaze Powder 2-4",
4,0486,Regigigas,,,Normal Gem,
4,0487,Giratina,,,"Griseous Orb 1, Ghost Plate 1",
4,0487,Giratina [Altered],,,"Griseous Orb 1, Ghost Plate 1",
4,0488,Cresselia,,,,
4,0489,Phione,,,Mystic Water 1,
4,0490,Manaphy,,,Heart of The Sea 1 ,
4,0491,Darkrai,Reaper Cloth 1,,,
4,0492,Shaymin,,,Random Flowers 5,
4,0492,Shaymin [Sky],,,"Random Flowers 5, (scarf?)",
4,0493,Arceus,,,,
5,0494,Victini,,,Star Piece,
5,0495,Snivy,Miracle Seed 5%,,,
5,0496,Servine,Miracle Seed 10%,,,
5,0497,Serperior,Miracle Seed 25%,,,
5,0498,Tepig,"Raw Porkchop 1-2, Charcoal Stick 5%",,,
5,0499,Pignite,"Raw Porkchop 1-3, Charcoal Stick 10%",,,
5,0500,Emboar,"Raw Porkchop 2-4, Charcoal Stick 25%",,,
5,0501,Oshawott,"Mystic Water 5%, Nautilus Shell 5%",,Shell Bell 5%,
5,0502,Dewott,"Mystic Water 10%, Nautilus Shell 10%",,Shell Bell 10%,
5,0503,Samurott,"Mystic Water 25%, Nautilus Shell 25%",,Shell Bell 25%,
8,0503,Samurott [Hisuian],"Mystic Water 25%, Nautilus Shell 25%",,Shell Bell 25%,
5,0504,Patrat,Babiri Berry 2.5%,,Random Apricorn Sprout 2.5%,
5,0505,Watchog,Babiri Berry 5%,,Random Apricorn Sprout 5%,
5,0506,Lillipup,"Bone 0-1, Blue Wool 1, Chilan Berry 2.5%",,,
5,0507,Herdier,"Bone 0-2, Blue Wool 1-2, Chilan Berry 5%",,,
5,0508,Stoutland,"Bone 0-3, Blue Wool 2-3, Chilan Berry 10%",,,
5,0509,Purrloin,"Rotten Flesh 0-1, Bluk Berry 2.5%",,,
5,0510,Liepard,"Rotten Flesh 0-2, Bluk Berry 5%",,,
5,0511,Pansage,"Leaf Stone 2.5%, Miracle Seed 2.5%, Occa Berry 2.5%",,,
5,0512,Simisage,"Leaf Stone 5%, Miracle Seed 5%, Occa Berry 5%",,,
5,0513,Pansear,"Fire Stone 2.5%, Charcoal Stick 2.5%, Passho Berry 2.5%",,,
5,0514,Simisear,"Fire Stone 5%, Charcoal Stick 5%, Passho Berry 5%",,,
5,0515,Panpour,"Water Stone 2.5%, Mystic Water 2.5%, Rindo Berry 2.5%",,,
5,0516,Simipour,"Water Stone 5%, Mystic Water 5%, Rindo Berry 5%",,,
5,0517,Munna,Chesto Berry 2.5%,,,
5,0518,Musharna,Chesto Berry 5%,,,
5,0519,Pidove,"Feather 0-1, Raw Chicken 1, Razz Berry 2.5%",,,
5,0520,Tranquill,"Feather 0-2, Raw Chicken 1, Sharp Beak 2.5%, Razz Berry 5%",,,
5,0521,Unfezant,"Feather 0-3, Raw Chicken 1, Sharp Beak 5%, Razz Berry 10%",,,
5,0522,Blitzle,"Leather 0-1, Cheri Berry 2.5%",,,
5,0523,Zebstrika,"Leather 0-2, Cheri Berry 5%",,,
5,0524,Roggenrola,"Raw Copper 0-1, Hard Stone 2.5%, Everstone 2.5%, Black Augurite 2.5%",,,
5,0525,Boldore,"Raw Copper 0-2, Hard Stone 5%, Everstone 5%, Black Augurite 5%",,,
5,0526,Gigalith,"Raw Copper 0-3, Hard Stone 10%, Everstone 10%, Black Augurite 10%",,,
5,0527,Woobat,"Light Blue Wool 1, Colbur Berry 2.5%",,,
5,0528,Swoobat,"Light Blue Wool 1-2, Colbur Berry 5%",,,
5,0529,Drilbur,"Soft Sand 2.5%, Pinap Berry 2.5%",,,
5,0530,Excadrill,"Soft Sand 5%, Pinap Berry 5%",,,
5,0531,Audino,"Oran Berry 10%, Fairy Feather 10%",,,
5,0532,Timburr,"Muscle Band 2.5%, Razz Berry 2.5%",,,
5,0533,Gurdurr,"Muscle Band 5%, Razz Berry 5%",,,
5,0534,Conkeldurr,"Muscle Band 10%, Razz Berry 10%",,,
5,0535,Tympole,"Clay Ball 0-1, Persim Berry 2.5%",,,
5,0536,Palpitoad,"Clay Ball 0-2, Persim Berry 5%",,,
5,0537,Seismitoad,"Clay Ball 0-3, Persim Berry 10%",,,
5,0538,Throh,"Black Belt 5%, Razz Berry 5%",,Expert Belt 5%,
5,0539,Sawk,"Black Belt 5%, Bluk Berry 5%",,Expert Belt 5%,
5,0540,Sewaddle,"String 0-1, Mental Herb 2.5%, Revival Herb 2.5%, Coba Berry 2.5%",,,
5,0541,Swadloon,"String 0-2, Mental Herb 5%, Revival Herb 5%, Coba Berry 5%",,,
5,0542,Leavanny,"String 0-3, Mental Herb 10%, Revival Herb 10%, Coba Berry 10%",,,
5,0543,Venipede,"Poison Barb 2.5%, Pecha Berry 2.5%",,,
5,0544,Whirlipede,"Poison Barb 5%, Pecha Berry 5%",,,
5,0545,Scolipede,"Poison Barb 10%, Pecha Berry 10%",,,
5,0546,Cottonee,"White Wool 1, Kebia Berry 2.5%",,Absorb Bulb 2.5%,
5,0547,Whimsicott,"White Wool 1-2, Kebia Berry 5%",,Absorb Bulb 5%,
5,0548,Petilil,"Big Root 2.5%, Revival Herb 2.5%, Persim Berry 2.5%",,Absorb Bulb 2.5%,
5,0549,Lilligant,"Big Root 5%, Revival Herb 5%, Persim Berry 5%",,Absorb Bulb 5%,
8,0549,Lilligant [Hisuian],"Revival Herb 5%, Coba Berry 5%",,,
5,0550,Basculin,"Raw Salmon 1, Bone Meal 5%, Deep Sea Tooth 5%",,,
5,0551,Sandile,"Black Glasses 2.5%, Tanga Berry 2.5%",,,
5,0552,Krokorok,"Black Glasses 5%, Tanga Berry 5%",,,
5,0553,Krookodile,"Black Glasses 10%, Tanga Berry 10%",,,
5,0554,Darumaka,Rawst Berry 2.5%,,,
8,0554,Darumaka [Galar],"Ice Stone 2.5%, Occa Berry 2.5%",,,
5,0555,Darmanitan,Rawst Berry 5%,,,
5,0555,Darmanitan [Zen],Rawst Berry 5%,,,
8,0555,Darmanitan [Galar Zen],"Ice Stone 5%, Occa Berry 5%",,,
8,0555,Darmanitan [Galar],"Ice Stone 5%, Occa Berry 5%",,,
5,0556,Maractus,"Cactus 0-2, Miracle Seed 5%",,Sticky Barb,
5,0557,Dwebble,Hard Stone 2.5%,,,
5,0558,Crustle,Hard Stone 5%,,,
5,0559,Scraggy,"Black Belt 2.5%, Roseli Berry 2.5%",,Shed Shell 2.5%,
5,0560,Scrafty,"Black Belt 5%, Roseli Berry 5%",,Shed Shell 5%,
5,0561,Sigilyph,"Light Clay 5%, Colbur Berry 5%",,,
5,0562,Yamask,Spell Tag 2.5%,,,
8,0562,Yamask [Galar],Kasib Berry 2.5%,,,
5,0563,Cofagrigus,Spell Tag 5%,,,
5,0564,Tirtouga,Scute 0-2,,,
5,0565,Carracosta,Scute 0-3,,,
5,0566,Archen,Feather 0-2,,,
5,0567,Archeops,Feather 0-3,,,
5,0568,Trubbish,"Black Sludge 2.5%, Leftovers 2.5%, Silk Scarf 2.5%, Pecha Berry 2.5%",,,
5,0569,Garbodor,"Black Sludge 5%, Leftovers 5%, Silk Scarf 5%, Pecha Berry 5%",,,
5,0570,Zorua,"Sweet Berries 1-3, Roseli Berry 2.5%",,,
8,0570,Zorua [Hisuian],"Sweet Berries 1-3, Colbur Berry 2.5%",,,
5,0571,Zoroark,"Sweet Berries 2-4, Roseli Berry 5%",,,
8,0571,Zoroark [Hisuian],"Sweet Berries 2-4, Colbur Berry 5%",,,
5,0572,Minccino,"Silk Scarf 2.5%, Chesto Berry 2.5%",,,
5,0573,Cinccino,"Silk Scarf 5%, Chesto Berry 5%",,,
5,0574,Gothita,"Twisted Spoon 2.5%, Persim Berry 2.5%",,,
5,0575,Gothorita,"Twisted Spoon 5%, Persim Berry 5%",,,
5,0576,Gothitelle,"Twisted Spoon 10%, Persim Berry 10%",,,
5,0577,Solosis,"Slimeball 0-1, Persim Berry 2.5%",,,
5,0578,Duosion,"Slimeball 0-2, Persim Berry 5%",,,
5,0579,Reuniclus,"Slimeball 0-3, Persim Berry 10%",,,
5,0580,Ducklett,"Feather 0-1, Raw Chicken 1, Wacan Berry 2.5%",,,
5,0581,Swanna,"Feather 0-2, Raw Chicken 1, Sharp Beak 2.5%, Wacan Berry 5%",,,
5,0582,Vanillite,"Snowball 0-1, Never Melt Ice 2.5%, Aspear Berry 2.5%",,,
5,0583,Vanillish,"Snowball 0-2, Never Melt Ice 5%, Aspear Berry 5%",,,
5,0584,Vanilluxe,"Snowball 0-3, Never Melt Ice 10%, Aspear Berry 10%",,,
5,0585,Deerling,"Leather 0-1, Yache Berry 2.5%",,Random Apricorn Sprout 2.5%,
5,0586,Sawsbuck,"Leather 0-2, Yache Berry 5%",,Random Apricorn Sprout 5%,
5,0587,Emolga,Yache Berry 5%,,Random Apricorn Sprout 5%,
5,0588,Karrablast,Occa Berry 2.5%,,,
5,0589,Escavalier,"Iron Helmet 5%, Occa Berry 5%",,,
5,0590,Foongus,"Red Mushroom 0-1, Cheri Berry 2.5%",,,
5,0591,Amoonguss,"Red Mushroom 0-2, Cheri Berry 5%",,,
5,0592,Frillish,"Glow Ink Sac 0-1, Kasib Berry 2.5%",,,
5,0593,Jellicent,"Glow Ink Sac 0-2, Kasib Berry 5%",,,
5,0594,Alomomola,"Raw Cod 1, Bone Meal 5%, Deep Sea Scale 5%",,,
5,0595,Joltik,"String 0-1, Spider Eye 0-1, Rotten Flesh 0-1, Nanab Berry 2.5%",,,
5,0596,Galvantula,"String 0-2, Spider Eye 0-2, Rotten Flesh 0-2, Nanab Berry 5%",,,
5,0597,Ferroseed,"Raw Iron 0-1, Occa Berry 2.5%",,Sticky Barb 2.5%,
5,0598,Ferrothorn,"Raw Iron 0-2, Occa Berry 5%",,Sticky Barb 5%,
5,0599,Klink,Raw Iron 0-1,,,
5,0600,Klang,Raw Iron 0-2,,,
5,0601,Klinklang,Raw Iron 0-3,,,
5,0602,Tynamo,Slimeball 0-1,,,
5,0603,Eelektrik,Slimeball 0-2,,,
5,0604,Eelektross,Slimeball 0-3,,,
5,0605,Elgyem,"Ender Pearl 0-1, Light Clay 2.5%, Colbur Berry 2.5%","End = Ender Pearl 0-1, Chorus Fruit 0-1, Light Clay 2.5%, Colbur Berry 2.5%",,
5,0606,Beheeyem,"Ender Pearl 0-2, Light Clay 5%, Colbur Berry 5%","End = Ender Pearl 0-2, Chorus Fruit 0-2, Light Clay 5%, Colbur Berry 5%",,
5,0607,Litwick,"Candle 1, Dusk Stone 2.5%, Rawst Berry 2.5%",,,
5,0608,Lampent,"Candle 1, Dusk Stone 5%, Rawst Berry 5%",,,
5,0609,Chandelure,"Candle 1-3, Dusk Stone 10%, Rawst Berry 10%",,,
5,0610,Axew,"Dragon Fang 2.5%, Haban Berry 2.5%",,,
5,0611,Fraxure,"Dragon Fang 5%, Haban Berry 5%",,,
5,0612,Haxorus,"Dragon Fang 10%, Haban Berry 10%",,,
5,0613,Cubchoo,"Snowball 0-1, Raw Cod 0-1, Aspear Berry 2.5%",,,
5,0614,Beartic,"Snowball 0-2, Raw Cod 0-2, Aspear Berry 5%",,,
5,0615,Cryogonal,"Never-Melt Ice 5%, Aspear Berry 5%",,,
5,0616,Shelmet,Iron Helmet 2.5%,,,
5,0617,Accelgor,,,Shed Shell 5%,
5,0618,Stunfisk,"Mud 0-2, Passho Berry 5%",,,
5,0619,Mienfoo,Payapa Berry 2.5%,,Expert Belt 2.5%,
5,0620,Mienshao,Payapa Berry 5%,,Expert Belt 5%,
5,0621,Druddigon,"Dragon Fang 5%, Haban Berry 5%",,,
5,0622,Golett,"Clay Ball 0-1, Light Clay 2.5%, Colbur Berry 2.5%",,,
5,0623,Golurk,"Clay Ball 0-2, Light Clay 5%, Colbur Berry 5%",,,
5,0624,Pawniard,"Iron Helmet 2.5%, Chople Berry 2.5%",,Leader's Crest 2.5%,
5,0625,Bisharp,"Iron Helmet 5%, Chople Berry 5%",,Leader's Crest 5%,
5,0626,Bouffalant,"Leather 0-2, Raw Beef 1-3, Brown Wool 1-2, Wepear Berry 5%",,,
5,0627,Rufflet,"Feather 0-1, Raw Chicken 1, Razz Berry 2.5%",,,
5,0628,Braviary,"Feather 0-2, Raw Chicken 1, Sharp Beak 2.5%, Razz Berry 5%",,,
8,0628,Braviary [Hisuian],"Feather 0-2, Raw Chicken 1, Sharp Beak 2.5%, Wepear Berry 5%",,,
5,0629,Vullaby,"Feather 0-1, Rotten Flesh 0-1, Raw Chicken 1, Bluk Berry 2.5%",,,
5,0630,Mandibuzz,"Feather 0-2, Rotten Flesh 0-2, Raw Chicken 1, Sharp Beak 2.5%, Bluk Berry 5%",,,
5,0631,Heatmor,"Blaze Powder 5%, Rawst Berry 5%",,Flame Orb 5%,
5,0632,Durant,"Raw Iron 0-1, Occa Berry 2.5%",,,
5,0633,Deino,"Dragon Breath 0-1, Roseli Berry 2.5%",,,
5,0634,Zweilous,"Dragon Breath 0-2, Roseli Berry 5%",,,
5,0635,Hydreigon,"Dragon Breath 0-3, Roseli Berry 10%",,,
5,0636,Larvesta,"String 0-1, Blaze Powder 2.5%, Silver Powder 2.5%, Charti Berry 2.5%",,,
5,0637,Volcarona,"Blaze Powder 5%, Silver Powder 5%, Charti Berry 5%",,,
5,0638,Cobalion,Metal Coat 1,,,
5,0639,Terrakion,Hard Stone 1,,,
5,0640,Virizion,Miracle Seed 1,,,
5,0641,Tornadus [Incarnate],,,,
5,0641,Tornadus [Therian],,,,
5,0642,Thundurus [Incarnate],,,,
5,0642,Thundurus [Therian],,,,
5,0643,Reshiram,,,Dragon's Breath,
5,0644,Zekrom,,,Dragon's Breath,
5,0645,Landorus [Incarnate],,,,
5,0645,Landorus [Therian],,,,
5,0646,Kyurem,,,Dragon's Breath,
5,0646,Kyurem [Black],,,Dragon's Breath,
5,0646,Kyurem [White],,,Dragon's Breath,
5,0647,Keldeo,,,Random Enchanted Sword ,
5,0647,Keldeo [Resolute],,,Random Enchanted Sword 3,
5,0648,Meloetta [Aria],,,"Metal Coat 1,",
5,0648,Meloetta [Pirouette],,,"Metal Coat 1, ",
5,0649,Genesect,,,"Metal Coat 1, (Disk? Gems?)",
6,0650,Chespin,Miracle Seed 5%,,Random Apricorn Sprout 5%,
6,0651,Quilladin,Miracle Seed 10%,,Random Apricorn Sprout 10%,
6,0652,Chesnaught,Miracle Seed 25%,,Random Apricorn Sprout 25%,
6,0653,Fennekin,"Blaze Powder 0-1, Charcoal Stick 5%",,,
6,0654,Braixen,"Stick 1, Blaze Powder 0-2, Charcoal Stick 10%",,,
6,0655,Delphox,"Stick 1, Blaze Powder 0-3, Charcoal Stick 25%",,,
6,0656,Froakie,"Pearlescent Froglight 0-1, Mystic Water 5%",,,
6,0657,Frogadier,"Pearlescent Froglight 0-2, Mystic Water 10%",,,
6,0658,Greninja,"Pearlescent Froglight 0-3, Mystic Water 25%",,,
6,0658,Greninja [Ash],"Pearlescent Froglight 0-3, Mystic Water 25%",,,
6,0659,Bunnelby,"Raw Rabbit 1, Rabbit Hide 0-1, Rabbit's Foot 2.5%, Carrot 2.5%, Chilan Berry 2.5%",,,
6,0660,Diggersby,"Raw Rabbit 1, Rabbit Hide 0-2, Rabbit's Foot 5%, Carrot 5%, Chilan Berry 5%",,,
6,0661,Fletchling,"Feather 0-1, Raw Chicken 1, Rawst Berry 2.5%",,,
6,0662,Fletchinder,"Feather 0-2, Raw Chicken 1, Sharp Beak 2.5%, Rawst Berry 5%",,,
6,0663,Talonflame,"Feather 0-3, Raw Chicken 1, Sharp Beak 5%, Rawst Berry 10%",,,
6,0664,Scatterbug,"String 0-1, Bright Powder 2.5%, Cheri Berry 2.5%",,,
6,0665,Spewpa,"String 0-2, Bright Powder 2.5%, Cheri Berry 2.5%",,,
6,0666,Vivillon,"Bright Powder 5%, Cheri Berry 5%",,Shed Shell 5%,
6,0667,Litleo,"Rotten Flesh 0-1, Blaze Powder 2.5%, Rawst Berry 2.5%",,,
6,0668,Pyroar,"Rotten Flesh 0-2, Blaze Powder 5%, Rawst Berry 5%",,,
6,0669,Flabébé,"Same-Color Flower 1, Kebia Berry 2.5%",,,
6,0670,Floette,"Same-Color Flower 1, Kebia Berry 5%",,,
6,0670,Floette [Eternal],"Wither Rose 1, Kebia Berry 5%",,,
6,0671,Florges,Kebia Berry 10%,,,
6,0672,Skiddo,"Raw Mutton 1-2, Oran Berry 2.5%",,,
6,0673,Gogoat,"Raw Mutton 1-3, Oran Berry 5%",,,
6,0674,Pancham,"Bamboo 0-1, Mental Herb 2.5%, Roseli Berry 2.5%",,,
6,0675,Pangoro,"Bamboo 0-2, Mental Herb 5%, Roseli Berry 5%",,,
6,0676,Furfrou,"Bone 0-2, White Wool 1-2, Silk Scarf 5%",,,
6,0677,Espurr,Colbur Berry 2.5%,,,
6,0678,Meowstic,Colbur Berry 5%,,,
6,0679,Honedge,"Iron Nugget 0-1, Iron Sword 2.5%, Dusk Stone 2.5%",,,
6,0680,Doublade,"Iron Nugget 0-2, Iron Sword 5%, Dusk Stone 5%",,,
6,0681,Aegislash,"Iron Nugget 0-3, Iron Sword 25%, Dusk Stone 10%",,,
6,0682,Spritzee,"Kebia Berry 2.5%, Fairy Feather 50%",,,
6,0683,Aromatisse,"Kebia Berry 5%, Fairy Feather 0-2 66%",,,
6,0684,Swirlix,"Sugar 0-1, Cake 2.5%, Babiri Berry 2.5%",,,
6,0685,Slurpuff,"Sugar 0-2, Cake 5%, Babiri Berry 5%",,,
6,0686,Inkay,"Ink Sac 0-1, Tanga Berry 2.5%",,,
6,0687,Malamar,"Ink Sac 0-2, Tanga Berry 5%",,,
6,0688,Binacle,Rindo Berry 2.5%,,,
6,0689,Barbaracle,Rindo Berry 5%,,,
6,0690,Skrelp,"Kelp 0-1, Pecha Berry 2.5%",,,
6,0691,Dragalge,"Kelp 0-2, Pecha Berry 5%",,,
6,0692,Clauncher,,,,
6,0693,Clawitzer,,,,
6,0694,Helioptile,,,,
6,0695,Heliolisk,,,,
6,0696,Tyrunt,Razor Fang 5%,,,
6,0697,Tyrantrum,Razor fang 10%,,,
6,0698,Amaura,Never-Melt Ice 5%,,,
6,0699,Aurorus,Never-Melt Ice 10%,,,
1,0700,Sylveon,"Shiny Stone 25%, Fairy Feather 10%",,,
6,0701,Hawlucha,"King's Rock 5%, Coba Berry 5%",,Expert Belt 5%,
6,0702,Dedenne,Cheri Berry 5%,,Random Apricorn Sprout 5%,
6,0703,Carbink,"Diamond 5%, Babiri Berry 5%",,Float Stone 5%,
6,0704,Goomy,"Slimeball 0-1, Haban Berry 2.5%",,Shed Shell 2.5%,
6,0705,Sliggoo,"Slimeball 0-2, Haban Berry 5%",,Shed Shell 5%,
8,0705,Sliggoo [Hisuian],"Slimeball 0-2, Iron Ingot 0-2, Bluk Berry 5%",,Shed Shell 5%,
6,0706,Goodra,"Slimeball 0-3, Haban Berry 10%",,Shed Shell 10%,
8,0706,Goodra [Hisuian],"Slimeball 0-3, Iron Ingot 0-3, Bluk Berry 10%",,Shed Shell 10%,
6,0707,Klefki,Name Tag 5%,,,
6,0708,Phantump,"Spell Tag 2.5%, Rawst Berry 2.5%",,,
6,0709,Trevenant,"Spell Tag 5%, Rawst Berry 5%",,,
6,0710,Pumpkaboo,"Pumpkin Seeds 0-1, Miracle Seed 2.5%, Kasib Berry 2.5%",,,
6,0711,Gourgeist,"Pumpkin Seeds 0-2, Miracle Seed 5%, Kasib Berry 5%",,,
6,0712,Bergmite,"Never-Melt Ice 2.5%, Aspear Berry 2.5%",,,
6,0713,Avalugg,"Never-Melt Ice 5%, Aspear Berry 5%",,,
8,0713,Avalugg [Hisuian],"Never-Melt Ice 5%, Babiri Berry 5%",,,
6,0714,Noibat,Yache Berry 2.5%,,,
6,0715,Noivern,Yache Berry 5%,,,
6,0716,Xerneas,,,"Nether Star, Revisit Later",
6,0717,Yveltal,,,"Eye of Ender 2, Revisit Later",
6,0718,Zygarde [10%],,,,
6,0718,Zygarde [50%],,,,
6,0718,Zygarde [Complete],,,,
6,0719,Diancie,,,"Nether Quartz 1, Random Amethyst 3-5",
6,0719,Diancie [Mega],,,"Nether Quartz 1, Random Amethyst 3-5",
6,0720,Hoopa [Confined],,,,
6,0720,Hoopa [Unbound],,,,
6,0721,Volcanion,,,"Magma Cream 1-4,",
7,0722,Rowlet,"Feather 0-1, Raw Chicken 1, Miracle Seed 5%",,,
7,0723,Dartrix,"Feather 0-2, Raw Chicken 1, Miracle Seed 10%",,,
7,0724,Decidueye,"Feather 0-3, Raw Chicken 1, Miracle Seed 25%",,,
8,0724,Decidueye [Hisuian],"Feather 0-3, Raw Chicken 1, Miracle Seed 25%",,,
7,0725,Litten,Charcoal Stick 5%,,Expert Belt 2.5%,
7,0726,Torracat,Charcoal Stick 10%,,Expert Belt 5%,
7,0727,Incineroar,Charcoal Stick 25%,,Expert Belt 10%,
7,0728,Popplio,Mystic Water 5%,,Throat Spray 2.5%,
7,0729,Brionne,Mystic Water 10%,,Throat Spray 5%,
7,0730,Primarina,Mystic Water 25%,,Throat Spray 10%,
7,0731,Pikipek,"Feather 0-1, Raw Chicken 1",,,
7,0732,Trumbeak,"Feather 0-2, Raw Chicken 1, Sharp Beak 2.5%",,,
7,0733,Toucannon,"Feather 0-3, Raw Chicken 1, Sharp Beak 5%",,,
7,0734,Yungoos,Pecha Berry 2.5%,,,
7,0735,Gumshoos,Pecha Berry 5%,,,
7,0736,Grubbin,"String 0-1, Wepear Berry 2.5%",,Cell Battery 2.5%,
7,0737,Charjabug,"String 0-2, Wepear Berry 5%",,Cell Battery 5%,
7,0738,Vikavolt,Wepear Berry 10%,,Cell Battery 10%,
7,0739,Crabrawler,Aspear Berry 2.5%,,,
7,0740,Crabominable,Aspear Berry 5%,,,
7,0741,Oricorio,"Feather 0-2, Raw Chicken 1, Honey Bottle 5%, Pinap Berry 5%",,,
7,0741,Oricorio [Pa'u],"Feather 0-2, Raw Chicken 1, Honey Bottle 5%, Pinap Berry 5%",,,
7,0741,Oricorio [Pom-Pom],"Feather 0-2, Raw Chicken 1, Honey Bottle 5%, Pinap Berry 5%",,,
7,0741,Oricorio [Sensu],"Feather 0-2, Raw Chicken 1, Honey Bottle 5%, Pinap Berry 5%",,,
7,0742,Cutiefly,"Honey Bottle 0-1, Cheri Berry 2.5%",,,
7,0743,Ribombee,"Honey Bottle 0-2, Cheri Berry 5%",,,
7,0744,Rockruff,"Bone 0-1, Rotten Flesh 0-1, Hard Stone 2.5%, Babiri Berry 2.5%",,,
7,0745,Lycanroc,"Bone 0-2, Rotten Flesh 0-2, Hard Stone 5%, Babiri Berry 5%",,,
7,0745,Lycanroc [Midday],"Bone 0-2, Rotten Flesh 0-2, Hard Stone 5%, Babiri Berry 5%",,,
7,0745,Lycanroc [Midnight],"Bone 0-2, Rotten Flesh 0-2, Hard Stone 5%, Babiri Berry 5%",,,
7,0746,Wishiwashi,"Raw Cod 1, Bone Meal 5%",,,
7,0747,Mareanie,"Slimeball 0-1, Poison Barb 2.5%, Pecha Berry 2.5%",,,
7,0748,Toxapex,"Slimeball 0-2, Poison Barb 5%, Pecha Berry 5%",,,
7,0749,Mudbray,"Leather 0-1, Clay Ball 0-1, Light Clay 2.5%, Passho Berry 2.5%",,,
7,0750,Mudsdale,"Leather 0-2, Clay Ball 0-2, Light Clay 5%, Passho Berry 5%",,,
7,0751,Dewpider,"Mystic Water 2.5%, Wepear Berry 2.5%",,,
7,0752,Araquanid,"Mystic Water 5%, Wepear Berry 5%",,,
7,0753,Fomantis,"Miracle Seed 2.5%, Tanga Berry 2.5%",,,
7,0754,Lurantis,"Miracle Seed 5%, Tanga Berry 5%",,,
7,0755,Morelull,"Brown Mushroom 0-1, Kebia Berry 2.5%",,Luminous Moss 2.5%,
7,0756,Shiinotic,"Brown Mushroom 0-2, Kebia Berry 5%",,Luminous Moss 5%,
7,0757,Salandit,"Rotten Flesh 0-1, Shuca Berry 2.5%",,Smoke Ball 2.5%,
7,0758,Salazzle,"Rotten Flesh 0-2, Shuca Berry 5%",,Smoke Ball 5%,
7,0759,Stufful,Chople Berry 2.5%,,,
7,0760,Bewear,Chople Berry 5%,,,
7,0761,Bounsweet,Persim Berry 2.5%,,Grassy Seed 2.5%,
7,0762,Steenee,Persim Berry 5%,,Grassy Seed 5%,
7,0763,Tsareena,Persim Berry 10%,,Grassy Seed 10%,
7,0764,Comfey,"Misty Seed 5%, Kebia Berry 5%",,Random Flower 50%,
7,0765,Oranguru,"Wise Glasses 5%, Nanab Berry 5%",,,
7,0766,Passimian,"Muscle Band 5%, Payapa Berry 5%",,,
7,0767,Wimpod,Bluk Berry 2.5%,,,
7,0768,Golisopod,Bluk Berry 5%,,,
7,0769,Sandygast,"Soft Sand 2.5%, Passho Berry 2.5%",,,
7,0770,Palossand,"Soft Sand 5%, Passho Berry 5%",,,
7,0771,Pyukumuku,Slimeball 0-2,,,
7,0772,Type: Null,,,,
7,0773,Silvally,,,,
7,0774,Minior [Core],,,Star Piece,
7,0774,Minior [Meteor],,,"Star Piece, Meteorite Block",
7,0775,Komala,"Acacia Log 1, Chesto Berry 5%",,,
7,0776,Turtonator,"Scute 0-2, Charcoal 5%, Haban Berry 5%",,,
7,0777,Togedemaru,Shuca Berry 5%,,Electric Seed 5%,
7,0778,Mimikyu,"Spell Tag 5%, Chesto Berry 5%",,,
7,0779,Bruxish,"Raw Cod 1, Bone Meal 5%, Razor Fang 5%",,,
7,0780,Drampa,"Dragon Breath 5%, Persim Berry 5%",,,
7,0781,Dhelmise,"Kelp 0-2, Raw Iron 0-2",,,
7,0782,Jangmo-o,"Scute 0-1, Razor Claw 2.5%, Dragon Scale 2.5%, Roseli Berry 2.5%",,,
7,0783,Hakamo-o,"Scute 0-2, Razor Claw 5%, Dragon Scale 5%, Roseli Berry 2.5%",,,
7,0784,Kommo-o,"Scute 0-3, Razor Claw 10%, Dragon Scale 10%, Roseli Berry 2.5%",,,
7,0785,Tapu Koko,,,,
7,0786,Tapu Lele,,,,
7,0787,Tapu Bulu,,,,
7,0788,Tapu Fini,,,,
7,0789,Cosmog,,,,
7,0790,Cosmoem,,,,
7,0791,Solgaleo,,,,
7,0792,Lunala,,,,
7,0793,Nihilego,Echo Shard 1-3,,,
7,0794,Buzzwole,Echo Shard 1-3,,,
7,0795,Pheromosa,Echo Shard 1-3,,,
7,0796,Xurkitree,Echo Shard 1-3,,,
7,0797,Celesteela,Echo Shard 1-3,,,
7,0798,Kartana,Echo Shard 1-3,,,
7,0799,Guzzlord,Echo Shard 1-3,,,
7,0800,Necrozma,,,,
7,0800,Necrozma [Dawn],,,,
7,0800,Necrozma [Dusk],,,,
7,0800,Necrozma [Ultra],,,,
7,0801,Magearna,,,,
7,0802,Marshadow,,,,
7,0803,Poipole,Echo Shard 1-2,,,
7,0804,Naganadel,Echo Shard 1-3,,,
7,0805,Stakataka,Echo Shard 1-3,,,
7,0806,Blacephalon,Echo Shard 1-3,,,
7,0807,Zeraora,,,,
7,0808,Meltan,,,,
7,0809,Melmetal,,,,
8,0810,Grookey,"Stick 0-1, Miracle Seed 5%",,,
8,0811,Thwackey,"Stick 0-2, Miracle Seed 10%",,,
8,0812,Rillaboom,"Stick 1-2, Miracle Seed 25%",,,
8,0813,Scorbunny,"Rabbit Hide 0-1, Raw Rabbit 1, Rabbit's Foot 5%, Charcoal Stick 5%",,,
8,0814,Raboot,"Rabbit Hide 0-2, Raw Rabbit 1, Rabbit's Foot 10%, Charcoal Stick 10%",,,
8,0815,Cinderace,"Rabbit Hide 0-3, Raw Rabbit 1, Rabbit's Foot 25%, Charcoal Stick 25%",,,
8,0816,Sobble,Mystic Water 5%,,,
8,0817,Drizzile,Mystic Water 10%,,,
8,0818,Inteleon,Mystic Water 25%,,,
8,0819,Skwovet,Oran Berry 0-1,,"Random Apricorn Sprout 2.5%, Berry Bomb",
8,0820,Greedent,Oran Berry 0-2,,"Random Apricorn Sprout 5%, Berry Bomb",
8,0821,Rookidee,"Feather 0-1, Raw Chicken 1, Wacan Berry 2.5%",,,
8,0822,Corvisquire,"Feather 0-2, Raw Chicken 1, Sharp Beak 2.5%, Wacan Berry 5%",,,
8,0823,Corviknight,"Feather 0-3, Raw Chicken 1, Metal Coat 10%, Wacan Berry 10%",,,
8,0824,Blipbug,Razz Berry 2.5%,,Psychic Seed 2.5%,
8,0825,Dottler,Razz Berry 5%,,Psychic Seed 5%,
8,0826,Orbeetle,Razz Berry 10%,,Psychic Seed 10%,
8,0827,Nickit,"Sweet Berries 1-3, Emerald 2.5%, Roseli Berry 2.5%",,,
8,0828,Thievul,"Sweet Berries 2-4, Emerald 5%, Roseli Berry 5%",,,
8,0829,Gossifleur,Coba Berry 2.5%,,,
8,0830,Eldegoss,"White Wool 1-2, Coba Berry 5%",,,
8,0831,Wooloo,"Raw Mutton 1-2, White Wool 1",,,
8,0832,Dubwool,"Raw Mutton 1-3, White Wool 1-2",,,
8,0833,Chewtle,"Scute 0-1, Rindo Berry 2.5%",,,
8,0834,Drednaw,"Scute 0-2, Rindo Berry 5%",,,
8,0835,Yamper,"Bone 0-1, Wepear Berry 2.5%",,,
8,0836,Boltund,"Bone 0-2, Wepear Berry 5%",,,
8,0837,Rolycoly,"Coal 0-1, Black Augurite 2.5%, Passho Berry 2.5%",,,
8,0838,Carkol,"Coal 0-2, Black Augurite 5%, Passho Berry 5%",,,
8,0839,Coalossal,"Coal 0-3, Black Augurite 10%, Passho Berry 10%",,,
8,0840,Applin,"Apple 1, Yache Berry 2.5%",,,
8,0841,Flapple,"Apple 1, Yache Berry 5%",,,
8,0842,Appletun,"Apple 1, Yache Berry 10%",,,
8,0843,Silicobra,Soft Sand 2.5%,,,
8,0844,Sandaconda,Soft Sand 5%,,,
8,0845,Cramorant,"Feather 0-2, Raw Chicken 1, Raw Cod 0-2, Wacan Berry 5%",,,
8,0846,Arrokuda,"Raw Salmon 1, Bone Meal 5%",,,
8,0847,Barraskewda,"Raw Salmon 1, Bone Meal 10%",,,
8,0848,Toxel,Shuca Berry 2.5%,,,
8,0849,Toxtricity,Shuca Berry 5%,,,
8,0849,Toxtricity [Low Key],Shuca Berry 5%,,,
8,0850,Sizzlipede,"Blaze Powder 2.5%, Charti Berry 2.5%",,,
8,0851,Centiskorch,"Blaze Powder 5%, Charti Berry 5%",,,
8,0852,Clobbopus,"Ink Sac 1-3, Pinap Berry 2.5%",,,
8,0853,Grapploct,"Ink Sac 2-4, Pinap Berry 5%",,,
8,0854,Sinistea,Spell Tag 2.5%,,,
8,0855,Polteageist,Spell Tag 5%,,,
8,0856,Hatenna,Babiri Berry 2.5%,,,
8,0857,Hattrem,Babiri Berry 5%,,,
8,0858,Hatterene,Babiri Berry 10%,,,
8,0859,Impidimp,Roseli Berry 2.5%,,,
8,0860,Morgrem,Roseli Berry 5%,,,
8,0861,Grimmsnarl,Roseli Berry 10%,,,
8,0862,Obstagoon,Chople Berry 10%,,,
8,0863,Perrserker,"Razor Claw 5%, Wepear Berry 5%",,,
8,0864,Cursola,Kasib Berry 5%,,Random Dead Coral,
8,0865,Sirfetch'd,"Feather 0-2, Raw Chicken 1, Medicinal Leek 1, Coba Berry 5%",,,
8,0866,Mr. Rime,Aspear Berry 10%,,,
8,0867,Runerigus,Kasib Berry 5%,,,
8,0868,Milcery,Sugar 0-1,,,
8,0869,Alcremie,"Sugar 0-2, Cake 5%",,,
8,0870,Falinks,"Gold Helmet 5%, Nanab Berry 5%",,,
8,0871,Pincurchin,,,,
8,0872,Snom,"Snowball 0-1, Silver Powder 2.5%, Charti Berry 2.5%",,,
8,0873,Frosmoth,"Snowball 0-2, Silver Powder 5%, Charti Berry 5%",,,
8,0874,Stonjourner,,,Luminous Moss 5%,
8,0875,Eiscue,"Feather 0-1, Raw Chicken 1, Raw Cod 0-1, Blue Ice 1, Aspear Berry 5%",,,
8,0875,Eiscue [No Ice Face],"Feather 0-1, Raw Chicken 1, Raw Cod 0-1, Aspear Berry 5%",,,
8,0876,Indeedee,Bluk Berry 5%,,Room Service 5%,
8,0877,Morpeko,Roseli Berry 5%,,Random Apricorn Sprout 5%,
8,0878,Cufant,"Raw Copper 0-1, Nanab Berry 2.5%",,Lagging Tail 2.5%,
8,0879,Copperajah,"Raw Copper 0-2, Nanab Berry 5%",,Lagging Tail 5%,
8,0880,Dracozolt,,,,
8,0881,Arctozolt,,,,
8,0882,Dracovish,,,,
8,0883,Arctovish,,,,
8,0884,Duraludon,Iron Ingot 0-1,,,
8,0885,Dreepy,Haban Berry 2.5%,,,
8,0886,Drakloak,Haban Berry 5%,,,
8,0887,Dragapult,Haban Berry 10%,,,
8,0888,Zacian,,,,
8,0888,Zacian [Crowned],,,,
8,0889,Zamazenta,,,,
8,0889,Zamazenta [Crowned],,,,
8,0890,Eternatus,,,,
8,0890,Eternatus [Eternamax],,,,
8,0891,Kubfu,,,,
8,0892,Urshifu [Rapid Strike],,,,
8,0892,Urshifu [Single Strike],,,,
8,0893,Zarude,,,,
8,0894,Regieleki,,,,
8,0895,Regidrago,,,,
8,0896,Glastrier,,,,
8,0897,Spectrier,,,,
8,0898,Calyrex,,,,
8,0898,Calyrex [Ice Rider],,,Never-Melt Ice 1,
8,0898,Calyrex [Shadow Rider],,,Spell Tag 1,
2,0899,Wyrdeer,"Leather 0-2, Persim Berry 5%",,,
1,0900,Kleavor,"Stone Axe 0-2, Wepear Berry 5%",,,
2,0901,Ursaluna,"Sweet Berries 3-5, Honey Bottle 10%, Peat Block 10%, Oran Berry 10%",,,
5,0902,Basculegion,"Raw Salmon 1, Bone Meal 5%",,,
8,0903,Sneasler,"Razor Claw 5%, Poison Barb 5%, Payapa Berry 5%",,,
8,0904,Overqwil,"Pufferfish 1, Prismarine Shard 0-2, Poison Barb 5%",,,
8,0905,Enamorus,,,,
9,0906,Sprigatito,Miracle Seed 5%,,,
9,0907,Floragato,Miracle Seed 10%,,,
9,0908,Meowscarada,Miracle Seed 25%,,,
9,0909,Fuecoco,Charcoal Stick 5%,,,
9,0910,Crocalor,Charcoal Stick 10%,,,
9,0911,Skeledirge,Charcoal Stick 25%,,,
9,0912,Quaxly,Mystic Water 5%,,,
9,0913,Quaxwell,Mystic Water 10%,,,
9,0914,Quaquaval,Mystic Water 25%,,,
9,0915,Lechonk,"Raw Porkchop 1-2, Oran Berry 2.5%",,,
9,0916,Oinkologne,"Raw Porkchop 1-3, Oran Berry 5%",,,
9,0917,Tarountula,"String 0-1, Spider Eye 0-1",,,
9,0918,Spidops,"String 0-2, Spider Eye 0-2",,,
9,0919,Nymble,Coba Berry 2.5%,,,
9,0920,Lokix,Coba Berry 5%,,,
9,0921,Pawmi,Cheri Berry 2.5%,,,
9,0922,Pawmo,Cheri Berry 5%,,,
9,0923,Pawmot,Cheri Berry 10%,,,
9,0924,Tandemaus,"Wheat Seeds 0-1, Chilan Berry 2.5%",,Random Apricorn Sprout 2.5%,
9,0925,Maushold,"Wheat Seeds 0-2, Chilan Berry 5%",,Random Apricorn Sprout 5%,
9,0926,Fidough,"Bread 0-1, Nanab Berry 2.5%",,,
9,0927,Dachsbun,"Bread 0-2, Nanab Berry 5%",,,
9,0928,Smoliv,"Big Root 2.5%, Kebia Berry 2.5%",,,
9,0929,Dolliv,"Big Root 5%, Kebia Berry 5%",,,
9,0930,Arboliva,"Big Root 10%, Kebia Berry 10%",,,
9,0931,Squawkabilly,"Feather 0-2, Raw Chicken 1, Chilan Berry 5%",,,
9,0932,Nacli,"Nether Quartz 0-1, Passho Berry 2.5%",,,
9,0933,Naclstack,"Nether Quartz 0-2, Passho Berry 5%",,,
9,0934,Garganacl,"Nether Quartz 0-3, Passho Berry 10%",,,
9,0935,Charcadet,"Charcoal 0-2, Charcoal Stick 2.5%, Rawst Berry 2.5%","Nether = Blaze Rod 0-1, Charcoal Stick 2.5%, Rawst Berry 2.5%",,
9,0936,Armarouge,"Charcoal 0-2, Charcoal Stick 5%, Auspicious Armor 5%, Rawst Berry 5%","Nether = Blaze Rod 0-2, Charcoal Stick 5%, Auspicious Armor 5%, Rawst Berry 5%",,
9,0937,Ceruledge,"Charcoal 0-2, Charcoal Stick 5%, Malicious Armor 5%, Rawst Berry 5%","Nether = Blaze Rod 0-2, Charcoal Stick 5%, Malicious Armor 5%, Rawst Berry 5%",,
9,0938,Tadbulb,"Ochre Froglight 2.5%, Wepear Berry 2.5%",,,
9,0939,Bellibolt,"Ochre Froglight 5%, Wepear Berry 5%",,,
9,0940,Wattrel,"Feather 0-1, Raw Chicken 1, Razz Berry 2.5%",,,
9,0941,Kilowattrel,"Feather 0-2, Raw Chicken 1, Sharp Beak 2.5%, Razz Berry 5%",,,
9,0942,Maschiff,"Bone 0-1, Rotten Flesh 0-1, Tanga Berry 2.5%",,,
9,0943,Mabosstiff,"Bone 0-2, Rotten Flesh 0-2, Tanga Berry 5%",,,
9,0944,Shroodle,Nanab Berry 2.5%,,,
9,0945,Grafaiai,Nanab Berry 5%,,Random Dye 1,
9,0946,Bramblin,"Stick 0-1, Kasib Berry 2.5%",,,
9,0947,Brambleghast,"Stick 0-2, Kasib Berry 5%",,,
9,0948,Toedscool,"Brown Mushroom 0-1, Yache Berry 2.5%",,,
9,0949,Toedscruel,"Brown Mushroom 0-2, Yache Berry 5%",,,
9,0950,Klawf,Pinap Berry 5%,,Shell Bell 5%,
9,0951,Capsakid,"Roasted Leek 0-1, Rawst Berry 2.5%",,,
9,0952,Scovillain,"Roasted Leek 0-2, Rawst Berry 5%",,,
9,0953,Rellor,Clay 0-1,,,
9,0954,Rabsca,Clay 0-2,,,
9,0955,Flittle,"Raw Chicken 1, Tanga Berry 2.5%",,,
9,0956,Espathra,"Raw Chicken 1, Tanga Berry 5%",,,
9,0957,Tinkatink,"Raw Iron 0-1, Razz Berry 2.5%",,,
9,0958,Tinkatuff,"Raw Iron 0-2, Razz Berry 5%",,,
9,0959,Tinkaton,"Raw Iron 0-3, Razz Berry 10%",,,
9,0960,Wiglett,,,,
9,0961,Wugtrio,,,,
9,0962,Bombirdier,"Feather 0-2, Raw Chicken 1, Razz Berry 5%",,,
9,0963,Finizen,Raw Cod 0-1,,,
9,0964,Palafin,Raw Cod 0-2,,,
9,0965,Varoom,"Iron Nugget 0-1, Black Sludge 2.5%, Shuca Berry 2.5%",,,
9,0966,Revavroom,"Iron Nugget 0-2, Black Sludge 5%, Shuca Berry 5%",,,
9,0967,Cyclizar,Haban Berry 5%,,,
9,0968,Orthworm,"Iron Nugget 0-2, Shuca Berry 5%",,,
9,0969,Glimmet,"Amethyst Shard 0-1, Shuca Berry 2.5%",,Float Stone 2.5%,
9,0970,Glimmora,"Amethyst Shard 0-2, Shuca Berry 5%",,Float Stone 5%,
9,0971,Greavard,"Bone 1-2, Rotten Flesh 0-1, Candle 2.5%, Kasib Berry 2.5%",,,
9,0972,Houndstone,"Bone 1-3, Rotten Flesh 0-2, Kasib Berry 5%",,,
9,0973,Flamigo,"Feather 0-2, Raw Chicken 1, Payapa Berry 5%, Fairy Feather 5%",,,
9,0974,Cetoddle,"Bone Block 0-1, Aspear Berry 2.5%",,,
9,0975,Cetitan,"Bone Block 0-2, Aspear Berry 5%",,,
9,0976,Veluza,"Raw Cod 1-3, Bone Meal 5%",,,
9,0977,Dondozo,"Raw Salmon 1, Bone Meal 5%",,,
9,0978,Tatsugiri,"Raw Salmon 1, Bone Meal 5%, Haban Berry 5%",,,
9,0979,Annihilape,"Muscle Band 10%, Payapa Berry 10%",,,
9,0980,Clodsire,"Clay Ball 0-2, Pecha Berry 5%",,,
2,0981,Farigiraf,"Leather 0-2, Razor Fang 5%, Persim Berry 5%",,,
9,0982,Dudunsparce,"Rocky Helmet 5%, Cheri Berry 5%",,,
5,0983,Kingambit,"Iron Helmet 10%, Chople Berry 10%",,Leader's Crest 10%,
9,0984,Great Tusk,,,Booster Energy,
9,0985,Scream Tail,,,Booster Energy,
9,0986,Brute Bonnet,,,Booster Energy,
9,0987,Flutter Mane,,,Booster Energy,
9,0988,Slither Wing,,,Booster Energy,
9,0989,Sandy Shocks,,,Booster Energy,
9,0990,Iron Treads,,,Booster Energy,
9,0991,Iron Bundle,,,Booster Energy,
9,0992,Iron Hands,,,Booster Energy,
9,0993,Iron Jugulis,,,Booster Energy,
9,0994,Iron Moth,,,Booster Energy,
9,0995,Iron Thorns,,,Booster Energy,
9,0996,Frigibax,Haban Berry 2.5%,,,
9,0997,Arctibax,Haban Berry 5%,,,
9,0998,Baxcalibur,Haban Berry 10%,,,
9,0999,Gimmighoul,Relic Coin 1,,,
9,0999,Gimmighoul [Roaming Form],Relic Coin 24-48,,,
9,1000,Gholdengo,Relic Coin 24-48,,,
9,1001,Wo-Chien,,,,
9,1002,Chien-Pao,,,,
9,1003,Ting-Lu,,,,
9,1004,Chi-Yu,,,,
9,1005,Roaring Moon,,,,
9,1006,Iron Valiant,,,,
9,1007,Koraidon,,,,
9,1008,Miraidon,,,,
9,1009,Walking Wake,,,,
9,1010,Iron Leaves,,,,
9,1011,Dipplin,,,,
9,1012,Poltchageist,Rawst Berry 2.5%,,,
9,1013,Sinistcha,Rawst Berry 5%,,,
9,1014,Okidogi,,,,
9,1015,Munkidori,,,,
9,1016,Fezandipiti,,,,
9,1017,Ogerpon,,,,
9,,Archaludon,,,,
9,,Iron Crown,,,,
9,,Raging Bolt,,,,
9,,Terapagos,,,,