1|Acceptance||CAT_001
2|Act As If||CAT_006
3|Adversity||CAT_001
4|Amends||CAT_001
5|Anger||CAT_001
6|Anniversaries||CAT_007
7|Anonymity||CAT_001
8|Asking for Help||CAT_004
9|Attraction rather than promotion||CAT_001
10|Balance||CAT_001
11|Boredom with the Program||CAT_001
12|Breaking My Anonymity||CAT_001
13|Bring the Body and the Mind Will Follow||CAT_005
14|But for the Grace of God||CAT_001
15|Carrying the Message||CAT_004
16|Change||CAT_001
17|Changing Routines|Changing People, Places and Things (to avoid drinking)|CAT_001
18|Character Defects||CAT_001
19|Clarity of Thought||CAT_001
20|Compassion||CAT_001
21|Complacency||CAT_001
22|Completely Giving Myself|To This Simple Program|CAT_001
23|Contempt Prior to Investigation|(having a conclusion before you have all the facts)|CAT_001
24|Contrary Action||CAT_001
25|Courage||CAT_001
26|Courage to Change|The Things I Can (Serenity Prayer)|CAT_008
27|Cunning, Baffling, Powerful||CAT_001
28|Dealing with Difficult People||CAT_001
29|Denial||CAT_001
30|Detaching|Detaching with Love|CAT_001
31|Disappointment||CAT_001
32|Discipline||CAT_001
33|Disease Concept||CAT_001
34|Disease of More||CAT_001
35|Do the Next Right Thing||CAT_001
36|Don’t Drink|And Go To Meetings|CAT_001
37|Don’t Drink |NO MATTER WHAT|CAT_006
38|Don’t Quit |Before the Miracle Happens|CAT_001
39|Drinking Occasions||CAT_001
40|Drugs |(Problems Other Than Alcohol)|CAT_001
41|Dry Drunks||CAT_001
42|Easy Does It||CAT_005
43|Economic Insecurity||CAT_001
44|Ego |(Ego smashing)|CAT_001
45|Emotional Sobriety||CAT_001
46|Enjoying Life||CAT_001
47|Expectations||CAT_001
48|Faith without works is dead||CAT_001
49|Fake It Till You Make It||CAT_001
50|Fear||CAT_001
51|Fellowship||CAT_004
52|Feelings and Emotions||CAT_001
53|Feeling Different||CAT_001
54|Forgiving Others||CAT_001
55|Forgiving Ourselves||CAT_001
56|Freedom||CAT_001
57|Freedom from Bondage||CAT_001
58|First Drink Gets You Drunk||CAT_001
59|First Things First||CAT_001
60|First Thought Wrong||CAT_001
61|Fixing Me, Not You||CAT_001
62|Freedom||CAT_001
63|Friendship||CAT_001
64|Fun||CAT_001
65|God, as I Understand God||CAT_001
66|Gossip |(avoiding gossip)|CAT_001
67|Gratitude||CAT_002
68|Greed, Gluttony, Having Enough||CAT_001
69|Growth through Pain||CAT_001
70|Handling Failure||CAT_001
71|Handling Success||CAT_001
72|Happiness||CAT_001
73|Happy, Joyous and Free||CAT_001
74|Higher Power||CAT_001
75|Honesty||CAT_001
76|Hope||CAT_001
77|How Have You Changed?||CAT_001
78|How Important Is It?||CAT_001
79|How it Works (Twelve Step Recovery)||CAT_001
80|Humility||CAT_001
81|HALT|Hungry, Angry, Lonely, Tired |CAT_001
82|I Am Responsible||CAT_001
83|Identification |(identifying with people/program)|CAT_001
84|If you spot it, you got it||CAT_001
85|Insanity||CAT_001
86|Insidious |(Patiently Waiting for a Chance to Ensnare)|CAT_001
87|Integrity||CAT_001
88|Inventory |(Taking My Own)|CAT_001
89|Inventory |(Taking That of Others)|CAT_001
90|Isolating||CAT_001
91|It Is What It Is||CAT_001
92|Jealousy||CAT_001
93|Joy, The Joy of Living||CAT_001
94|Keep it Simple||CAT_001
95|Let Go and Let God||CAT_005
96|Letting Go |(of Outcomes)|CAT_001
97|Letting Go |(of the Past)|CAT_001
98|Letting Go |(of People, Places and Things)|CAT_001
99|Life on Life’s Terms||CAT_001
100|Literature as a Tool|(Using the Big Book, Twelve and Twelve, Meditations, Etc)|CAT_001
101|Live and Let Live||CAT_001
102|Living in the Moment,|Living in the Present, Living in the Now|CAT_001
103|Loss||CAT_001
104|Love||CAT_001
105|Meditation||CAT_001
106|Meetings||CAT_001
107|Mental, Spiritual and Physical Disease||CAT_001
108|Moderation||CAT_001
109|Money||CAT_001
110|Next Indicated Step||CAT_001
111|One Day at a Time||CAT_005
112|Only requirement|For membership is a desire to stop drinking.|CAT_001
113|Organized Religion||CAT_001
114|Other Addictions/ fellowships||CAT_001
115|Our Primary Purpose||CAT_001
116|Pain is |The great touchstone of spiritual growth|CAT_001
117|Patience||CAT_001
118|Perceptions vs. Reality||CAT_001
119|Perseverance through difficulty||CAT_001
120|Physical Illness |(Problems Other Than Alcohol)|CAT_001
121|Powerlessness||CAT_001
122|Practicing These Principles|in All Our Affairs|CAT_001
123|Prayer||CAT_001
124|Pride||CAT_001
125|Pride in Reverse||CAT_001
126|Principles Before Personalities||CAT_001
127|Problems Other Than Alcohol||CAT_001
128|Projection|(Thinking About Outcomes that are in the Future, Good and Bad)|CAT_001
129|Progress, Not Perfection||CAT_001
130|Progression||CAT_001
131|Promises||CAT_001
132|Relapse||CAT_001
133|Relationships||CAT_001
134|Relaxing, Relaxation||CAT_001
135|Remembering Your Last Drunk||CAT_001
136|Resentment||CAT_001
137|Responsibility||CAT_001
138|Restless, Irritable and Discontented (RID)||CAT_001
139|Restraint of Tongue and Pen||CAT_001
140|Rule 62|“Don’t take yourself too damn seriously”|CAT_001
141|Sanity||CAT_001
142|Secrets |(You’re Only as Sick as Your Secrets)|CAT_001
143|Self-Acceptance||CAT_001
144|Self-Centeredness||CAT_001
145|Self Esteem||CAT_001
146|Self-Pity||CAT_001
147|Self-Supporting||CAT_001
148|Selfishness||CAT_001
149|Serenity||CAT_001
150|Serenity Prayer||CAT_008
151|Service||CAT_001
152|Sick and Tired of Being Sick and Tired||CAT_006
153|Slips||CAT_001
154|Slogans/AA Sayings||CAT_001
155|Spiritual Awakening||CAT_001
156|Spiritual Part of the Program||CAT_001
157|Spirituality||CAT_001
158|Sponsorship||CAT_004
159|Staying Away from the First Drink||CAT_001
160|Staying in the Now||CAT_001
161|Step 1:|We admitted we were powerless over alcohol, that our lives had become unmanageable.|CAT_003
162|Step 2:|Came to believe that a Power greater than ourselves could restore us to sanity.|CAT_003
163|Step 3:|Made a decision to turn our will and our lives over to the care of God as we understood Him.|CAT_003
164|Step 4:|Made a searching and fearless moral inventory of ourselves.|CAT_003
165|Step 5:|Admitted to God, to ourselves, and to another human being the exact nature of our wrongs.|CAT_003
166|Step 6:|Were entirely ready to have God remove all these defects of character.|CAT_003
167|Step 7: |Humbly asked Him to remove our shortcomings.|CAT_003
168|Step 8:|Made a list of all persons we had harmed, and became willing to make amends to them all.|CAT_003
169|Step 9:|Made direct amends to such people wherever possible, except when to do so would injure them or others.|CAT_003
170|Step 10:|Continued to take personal inventory, and when we were wrong, promptly admitted it.|CAT_003
171|Step 11:|Sought through prayer and meditation to improve our conscious contact with God as we understood Him, praying only for knowledge of His will for us and the power to carry that out.|CAT_003
172|Step 12:|Having had a spiritual awakening as the result of these steps, we tried to carry this message to alcoholics, and to practice these principles in all our affairs.|CAT_003
173|Stress|(Coping with Stress)|CAT_001
174|Suggestions|(Taking the Suggestions)|CAT_001
175|Surrender||CAT_001
176|Taking Risks||CAT_001
177|To Thine Own Self Be True||CAT_001
178|Think, Think, Think||CAT_001
179|This Too Shall Pass||CAT_001
180|Time (Time Takes Time)||CAT_001
181|Love & Tolerance|(of others)|CAT_001
182|Trust|(learning how, building it with others)|CAT_001
183|Trust the process||CAT_001
184|Turning it Over||CAT_001
185|Twenty-four Hours a Day|(one hour, one minute at a time)|CAT_001
186|Unmanageability||CAT_001
187|Using the Telephone||CAT_001
188|We are not a glum lot||CAT_001
189|We Program||CAT_001
190|What Convinced You|That You Had a Problem?|CAT_001
191|Unity, Service, and Recovery||CAT_001
192|What do You do to Stay Sober?||CAT_001
193|Why Are You Here?||CAT_001
194|Will power||CAT_001
195|Willing to go to Any Lengths||CAT_001
196|Willingness||CAT_001
197|Wisdom to Know|the Difference (Serenity Prayer)|CAT_008
198|Wreckage of the Past||CAT_001
199|Yet’s||CAT_001